gender,age,mask_YesNo,fully_covering,partially_covering,non_covering,mask_front_touching,mask_strap_touching,face_touching,o_zone_touching,t_zone_touching,in_group,duration_of_observation,change,segment_crowding,study,location,activezone,unique_situation,temp_celcius
Male,18.0,Yes,Yes,,No,No,No,No,99.0,Irrelevant,Yes,18.0,0.0,28.0,2.0,0.0,0.0,1.0,17.7
Male,25.0,No,Irrelevant,,Irrelevant,Irrelevant,Irrelevant,No,99.0,Irrelevant,Yes,23.0,0.0,28.0,2.0,0.0,0.0,1.0,17.7
Male,24.0,No,Irrelevant,,Irrelevant,Irrelevant,Irrelevant,No,99.0,Irrelevant,Yes,26.0,0.0,28.0,2.0,0.0,0.0,1.0,17.7
Male,20.0,No,Irrelevant,,Irrelevant,Irrelevant,Irrelevant,No,99.0,Irrelevant,No,13.0,0.0,28.0,2.0,0.0,0.0,1.0,17.7
Male,35.0,Yes,Yes,,No,No,No,No,99.0,Irrelevant,No,16.0,0.0,28.0,2.0,0.0,0.0,1.0,17.7
Male,25.0,Yes,No,,Yes,Yes,No,No,99.0,Irrelevant,Yes,16.0,0.0,28.0,2.0,0.0,0.0,1.0,17.7
Female,38.0,No,Irrelevant,,Irrelevant,Irrelevant,Irrelevant,No,99.0,Irrelevant,Yes,17.0,0.0,28.0,2.0,0.0,0.0,1.0,17.7
Male,40.0,Yes,Yes,,No,No,No,No,99.0,Irrelevant,No,17.0,0.0,9.0,2.0,0.0,1.0,2.0,30.5
Male,50.0,Yes,No,,Yes,Yes,No,No,99.0,Irrelevant,Yes,42.0,1.0,9.0,2.0,0.0,1.0,2.0,30.5
Male,43.0,No,Irrelevant,,Irrelevant,Irrelevant,Irrelevant,No,99.0,Irrelevant,Yes,19.0,0.0,9.0,2.0,0.0,1.0,2.0,30.5
Male,25.0,Yes,Yes,,No,No,No,No,99.0,Irrelevant,Yes,17.0,0.0,9.0,2.0,0.0,1.0,2.0,30.5
Male,40.0,No,Irrelevant,,Irrelevant,Irrelevant,Irrelevant,No,99.0,Irrelevant,Yes,46.0,0.0,9.0,2.0,0.0,1.0,2.0,30.5
Male,48.0,No,Irrelevant,,Irrelevant,Irrelevant,Irrelevant,No,99.0,Irrelevant,No,12.0,0.0,9.0,2.0,0.0,1.0,2.0,30.5
Male,57.0,Yes,Yes,,No,No,No,No,99.0,Irrelevant,No,10.0,0.0,9.0,2.0,0.0,1.0,2.0,30.5
Male,45.0,No,Irrelevant,,Irrelevant,Irrelevant,Irrelevant,Yes,Yes,Yes,No,19.0,0.0,9.0,2.0,0.0,1.0,2.0,30.5
Male,22.0,No,Irrelevant,,Irrelevant,Irrelevant,Irrelevant,No,99.0,Irrelevant,Yes,15.0,0.0,9.0,2.0,0.0,1.0,2.0,30.5
Female,22.0,Yes,No,,Yes,No,No,No,99.0,Irrelevant,Yes,19.0,0.0,9.0,2.0,0.0,1.0,2.0,30.5
Male,45.0,No,Irrelevant,,Irrelevant,Irrelevant,Irrelevant,No,99.0,Irrelevant,Yes,17.0,0.0,9.0,2.0,0.0,1.0,2.0,30.5
Female,70.0,Yes,Yes,,No,No,No,No,99.0,Irrelevant,No,15.0,0.0,9.0,2.0,0.0,1.0,2.0,30.5
Male,60.0,Yes,Yes,,No,No,No,No,99.0,Irrelevant,No,13.0,0.0,11.0,2.0,0.0,1.0,3.0,20.8
Male,45.0,No,Irrelevant,,Irrelevant,Irrelevant,Irrelevant,No,99.0,Irrelevant,No,18.0,0.0,11.0,2.0,0.0,1.0,3.0,20.8
Male,55.0,Yes,No,,Yes,No,No,No,99.0,Irrelevant,No,11.0,0.0,11.0,2.0,0.0,1.0,3.0,20.8
Male,24.0,No,Irrelevant,,Irrelevant,Irrelevant,Irrelevant,No,99.0,Irrelevant,No,15.0,0.0,11.0,2.0,0.0,1.0,3.0,20.8
Male,52.0,Yes,No,,Yes,No,No,No,99.0,Irrelevant,No,29.0,0.0,11.0,2.0,0.0,1.0,3.0,20.8
Male,37.0,No,Irrelevant,,Irrelevant,Irrelevant,Irrelevant,No,99.0,Irrelevant,No,13.0,0.0,11.0,2.0,0.0,1.0,3.0,20.8
Male,32.0,No,Irrelevant,,Irrelevant,Irrelevant,Irrelevant,No,99.0,Irrelevant,Yes,17.0,0.0,11.0,2.0,0.0,1.0,3.0,20.8
Female,26.0,Yes,Yes,,No,No,No,No,99.0,Irrelevant,Yes,16.0,0.0,11.0,2.0,0.0,1.0,3.0,20.8
Male,61.0,Yes,Yes,,No,No,No,No,99.0,Irrelevant,No,12.0,0.0,11.0,2.0,0.0,1.0,3.0,20.8
Male,60.0,Yes,Yes,,No,No,No,No,99.0,Irrelevant,No,13.0,0.0,11.0,2.0,0.0,1.0,3.0,20.8
Male,25.0,Yes,No,,Yes,No,No,No,99.0,Irrelevant,No,13.0,0.0,11.0,2.0,0.0,1.0,3.0,20.8
Male,20.0,No,Irrelevant,,Irrelevant,Irrelevant,Irrelevant,No,99.0,Irrelevant,No,10.0,0.0,11.0,2.0,0.0,1.0,3.0,20.8
Male,50.0,No,Irrelevant,,Irrelevant,Irrelevant,Irrelevant,No,99.0,Irrelevant,Yes,19.0,0.0,11.0,2.0,0.0,1.0,3.0,20.8
Female,60.0,Yes,No,,Yes,No,No,No,99.0,Irrelevant,Yes,35.0,0.0,2.0,2.0,1.0,0.0,12.0,17.5
Male,35.0,No,Irrelevant,,Irrelevant,Irrelevant,Irrelevant,No,99.0,Irrelevant,No,23.0,0.0,2.0,2.0,1.0,0.0,12.0,17.5
Male,36.0,Yes,No,,No,No,No,No,99.0,Irrelevant,No,22.0,0.0,2.0,2.0,1.0,0.0,12.0,17.5
Male,33.0,No,Irrelevant,,Irrelevant,Irrelevant,Irrelevant,No,99.0,Irrelevant,No,22.0,0.0,2.0,2.0,1.0,0.0,12.0,17.5
Male,26.0,No,Irrelevant,,Irrelevant,Irrelevant,Irrelevant,No,99.0,Irrelevant,Yes,26.0,0.0,51.0,2.0,1.0,1.0,13.0,26.0
Female,23.0,No,Irrelevant,,Irrelevant,Irrelevant,Irrelevant,No,99.0,Irrelevant,No,27.0,0.0,51.0,2.0,1.0,1.0,13.0,26.0
Female,21.0,No,Irrelevant,,Irrelevant,Irrelevant,Irrelevant,No,99.0,Irrelevant,Yes,27.0,0.0,51.0,2.0,1.0,1.0,13.0,26.0
Male,34.0,No,Irrelevant,,Irrelevant,Irrelevant,Irrelevant,No,99.0,Irrelevant,No,21.0,0.0,51.0,2.0,1.0,1.0,13.0,26.0
Male,45.0,Yes,No,,Yes,No,No,No,99.0,Irrelevant,Yes,20.0,0.0,51.0,2.0,1.0,1.0,13.0,26.0
Male,27.0,No,Irrelevant,,Irrelevant,Irrelevant,Irrelevant,No,99.0,Irrelevant,No,21.0,0.0,51.0,2.0,1.0,1.0,13.0,26.0
Female,32.0,Yes,Yes,,No,No,No,No,99.0,Irrelevant,Yes,30.0,0.0,51.0,2.0,1.0,1.0,13.0,26.0
Female,37.0,Yes,Yes,,No,Yes,No,No,99.0,Irrelevant,No,18.0,0.0,51.0,2.0,1.0,1.0,13.0,26.0
Male,22.0,No,Irrelevant,,Irrelevant,Irrelevant,Irrelevant,No,99.0,Irrelevant,Yes,18.0,0.0,51.0,2.0,1.0,1.0,13.0,26.0
Female,23.0,Yes,Yes,,No,Yes,No,No,99.0,Irrelevant,Yes,43.0,0.0,51.0,2.0,1.0,1.0,13.0,26.0
Female,25.0,No,Irrelevant,,Irrelevant,Irrelevant,Irrelevant,No,99.0,Irrelevant,Yes,25.0,0.0,51.0,2.0,1.0,1.0,13.0,26.0
Female,25.0,Yes,Yes,,No,No,No,Yes,Yes,No,Yes,23.0,0.0,51.0,2.0,1.0,1.0,13.0,26.0
Female,51.0,Yes,Yes,,No,No,No,No,99.0,Irrelevant,Yes,40.0,0.0,51.0,2.0,1.0,1.0,13.0,26.0
Female,48.0,Yes,Yes,,No,No,No,No,99.0,Irrelevant,Yes,33.0,0.0,51.0,2.0,1.0,1.0,13.0,26.0
Female,42.0,Yes,No,,Yes,No,No,No,99.0,Irrelevant,Yes,21.0,0.0,8.0,2.0,1.0,1.0,14.0,15.7
Male,20.0,No,Irrelevant,,Irrelevant,Irrelevant,Irrelevant,No,99.0,Irrelevant,No,22.0,0.0,8.0,2.0,1.0,1.0,14.0,15.7
Female,34.0,No,Irrelevant,,Irrelevant,Irrelevant,Irrelevant,No,99.0,Irrelevant,Yes,27.0,0.0,8.0,2.0,1.0,1.0,14.0,15.7
Male,33.0,No,Irrelevant,,Irrelevant,Irrelevant,Irrelevant,Yes,Yes,No,Yes,23.0,0.0,8.0,2.0,1.0,1.0,14.0,15.7
Female,23.0,No,Irrelevant,,Irrelevant,Irrelevant,Irrelevant,No,99.0,Irrelevant,Yes,34.0,0.0,8.0,2.0,1.0,1.0,14.0,15.7
Male,42.0,Yes,No,,Yes,No,No,Yes,Yes,Yes,Yes,23.0,0.0,8.0,2.0,1.0,1.0,14.0,15.7
Male,35.0,Yes,Yes,,No,No,No,No,99.0,Irrelevant,No,21.0,0.0,8.0,2.0,1.0,1.0,14.0,15.7
Male,64.0,No,Irrelevant,,Irrelevant,Irrelevant,Irrelevant,No,99.0,Irrelevant,No,28.0,0.0,8.0,2.0,1.0,1.0,14.0,15.7
Male,31.0,Yes,Yes,,No,Missing,No,Yes,Missing,Missing,No,21.0,0.0,8.0,2.0,1.0,1.0,14.0,15.7
Female,20.0,Yes,No,,Yes,No,No,No,99.0,Irrelevant,Yes,43.0,0.0,8.0,2.0,1.0,1.0,14.0,15.7
Male,23.0,No,Irrelevant,,Irrelevant,Irrelevant,Irrelevant,No,99.0,Irrelevant,Yes,25.0,0.0,8.0,2.0,1.0,1.0,14.0,15.7
Female,20.0,Yes,No,,Yes,No,No,No,99.0,Irrelevant,Yes,24.0,0.0,8.0,2.0,1.0,1.0,14.0,15.7
Female,27.0,No,Irrelevant,,Irrelevant,Irrelevant,Irrelevant,No,99.0,Irrelevant,No,19.0,0.0,8.0,2.0,1.0,1.0,14.0,15.7
Male,25.0,Yes,No,,Irrelevant,Yes,No,No,99.0,Irrelevant,Yes,22.0,0.0,8.0,2.0,1.0,1.0,14.0,15.7
Female,89.0,Yes,No,,Yes,No,No,No,99.0,Irrelevant,No,10.0,0.0,20.1,2.0,5.0,0.0,21.0,18.6
Female,50.0,Yes,No,,Yes,No,No,No,99.0,Irrelevant,Yes,8.0,0.0,20.1,2.0,5.0,0.0,21.0,18.6
Male,55.0,No,Irrelevant,,Irrelevant,Irrelevant,Irrelevant,No,99.0,Irrelevant,No,10.0,0.0,20.1,2.0,5.0,0.0,21.0,18.6
Male,17.0,Yes,No,,No,No,No,No,99.0,Irrelevant,Yes,16.0,0.0,20.1,2.0,5.0,0.0,21.0,18.6
Female,40.0,No,Irrelevant,,Irrelevant,Irrelevant,Irrelevant,No,99.0,Irrelevant,No,8.0,0.0,20.1,2.0,5.0,0.0,21.0,18.6
Female,62.0,No,Irrelevant,,Irrelevant,Irrelevant,Irrelevant,No,99.0,Irrelevant,No,8.0,0.0,20.1,2.0,5.0,0.0,21.0,18.6
Female,40.0,Yes,No,,No,No,No,No,99.0,Irrelevant,Yes,7.0,0.0,9.0,2.0,5.0,1.0,22.0,29.9
Female,25.0,No,Irrelevant,,Irrelevant,Irrelevant,Irrelevant,No,99.0,Irrelevant,Yes,1.0,0.0,9.0,2.0,5.0,1.0,22.0,29.9
Female,27.0,No,Irrelevant,,Irrelevant,Irrelevant,Irrelevant,No,99.0,Irrelevant,Yes,7.0,0.0,9.0,2.0,5.0,1.0,22.0,29.9
Female,28.0,Yes,No,,No,No,No,No,99.0,Irrelevant,Yes,9.0,0.0,9.0,2.0,5.0,1.0,22.0,29.9
Female,25.0,No,Irrelevant,,Irrelevant,Irrelevant,Irrelevant,No,99.0,Irrelevant,Yes,9.0,0.0,9.0,2.0,5.0,1.0,22.0,29.9
Male,25.0,Yes,Yes,,No,No,No,No,99.0,Irrelevant,No,6.0,0.0,9.0,2.0,5.0,1.0,22.0,29.9
Female,35.0,No,Irrelevant,,Irrelevant,Irrelevant,Irrelevant,No,99.0,Irrelevant,Yes,13.0,0.0,8.8,2.0,5.0,1.0,23.0,18.8
Female,48.0,No,Irrelevant,,Irrelevant,Irrelevant,Irrelevant,No,99.0,Irrelevant,No,9.0,0.0,8.8,2.0,5.0,1.0,23.0,18.8
Male,36.0,Yes,No,,Yes,No,No,No,99.0,Irrelevant,No,8.0,0.0,8.8,2.0,5.0,1.0,23.0,18.8
Female,45.0,Yes,Yes,,No,No,No,No,99.0,Irrelevant,Yes,8.0,0.0,8.8,2.0,5.0,1.0,23.0,18.8
Female,62.0,Yes,Yes,,No,No,No,No,99.0,Irrelevant,Yes,39.0,0.0,8.0,2.0,8.0,0.0,35.0,22.2
Female,40.0,No,Irrelevant,,Irrelevant,Irrelevant,Irrelevant,Yes,Yes,Yes,Yes,24.0,0.0,8.0,2.0,8.0,0.0,35.0,22.2
Female,41.0,Yes,Yes,,No,No,No,No,99.0,Irrelevant,No,21.0,0.0,8.0,2.0,8.0,0.0,35.0,22.2
Male,52.0,Yes,No,,Yes,No,No,No,99.0,Irrelevant,No,29.0,0.0,8.0,2.0,8.0,0.0,35.0,22.2
Female,36.0,Yes,Yes,,No,No,No,No,99.0,Irrelevant,Yes,20.0,0.0,8.0,2.0,8.0,0.0,35.0,22.2
Male,33.0,No,Irrelevant,,Irrelevant,Irrelevant,Irrelevant,No,99.0,Irrelevant,No,18.0,0.0,8.0,2.0,8.0,0.0,35.0,22.2
Female,61.0,No,Irrelevant,,Irrelevant,Irrelevant,Irrelevant,Yes,Yes,Yes,No,22.0,0.0,8.0,2.0,8.0,0.0,35.0,22.2
Male,40.0,No,Irrelevant,,Irrelevant,Irrelevant,Irrelevant,Yes,Yes,No,Yes,94.0,0.0,8.0,2.0,8.0,0.0,35.0,22.2
Female,60.0,No,Irrelevant,,Irrelevant,Irrelevant,Irrelevant,No,99.0,Irrelevant,Yes,28.0,0.0,8.0,2.0,8.0,0.0,35.0,22.2
Female,30.0,No,Irrelevant,,Irrelevant,Irrelevant,Irrelevant,Yes,Yes,Yes,Yes,21.0,0.0,8.0,2.0,8.0,0.0,35.0,22.2
Female,25.0,No,Irrelevant,,Irrelevant,Irrelevant,Irrelevant,No,99.0,Irrelevant,Yes,21.0,0.0,8.0,2.0,8.0,0.0,35.0,22.2
Male,55.0,Yes,Yes,,No,No,No,No,99.0,Irrelevant,No,16.0,0.0,8.0,2.0,8.0,0.0,35.0,22.2
Female,58.0,Yes,Yes,,No,No,No,No,99.0,Irrelevant,No,16.0,0.0,8.0,2.0,8.0,0.0,35.0,22.2
Female,40.0,No,Irrelevant,,Irrelevant,Irrelevant,Irrelevant,Yes,Yes,No,Yes,15.0,0.0,18.0,2.0,8.0,0.0,36.0,26.1
Male,45.0,No,Irrelevant,,Irrelevant,Irrelevant,Irrelevant,No,99.0,Irrelevant,No,22.0,0.0,18.0,2.0,8.0,0.0,36.0,26.1
Female,55.0,Yes,No,,No,Yes,No,Yes,Yes,Yes,No,40.0,0.0,18.0,2.0,8.0,0.0,36.0,26.1
Female,27.0,Yes,Yes,,No,No,No,No,99.0,Irrelevant,No,12.0,0.0,18.0,2.0,8.0,0.0,36.0,26.1
Female,45.0,Yes,Yes,,No,Yes,No,No,99.0,Irrelevant,Yes,35.0,0.0,18.0,2.0,8.0,0.0,36.0,26.1
Female,27.0,No,Irrelevant,,Irrelevant,Irrelevant,Irrelevant,No,99.0,Irrelevant,No,18.0,0.0,18.0,2.0,8.0,0.0,36.0,26.1
Female,50.0,Yes,Yes,,No,Yes,No,No,99.0,Irrelevant,Yes,25.0,0.0,18.0,2.0,8.0,0.0,36.0,26.1
Female,48.0,Yes,Yes,,No,No,No,Yes,Yes,No,Yes,19.0,0.0,18.0,2.0,8.0,0.0,36.0,26.1
Female,55.0,No,Irrelevant,,Irrelevant,Irrelevant,Irrelevant,No,99.0,Irrelevant,Yes,18.0,0.0,18.0,2.0,8.0,0.0,36.0,26.1
Female,48.0,No,Irrelevant,,Irrelevant,Irrelevant,Irrelevant,No,99.0,Irrelevant,Yes,18.0,0.0,18.0,2.0,8.0,0.0,36.0,26.1
Female,50.0,Yes,Yes,,No,No,No,No,99.0,Irrelevant,No,14.0,0.0,18.0,2.0,8.0,0.0,36.0,26.1
Female,30.0,No,Irrelevant,,Irrelevant,Irrelevant,Irrelevant,Yes,Yes,Yes,No,17.0,0.0,18.0,2.0,8.0,0.0,36.0,26.1
Female,55.0,Yes,Yes,,No,No,No,No,99.0,Irrelevant,Yes,17.0,0.0,18.0,2.0,8.0,0.0,36.0,26.1
Female,45.0,No,Irrelevant,,Irrelevant,Irrelevant,Irrelevant,Yes,Yes,Yes,No,18.0,0.0,18.0,2.0,8.0,0.0,36.0,26.1
Male,29.0,No,Irrelevant,,Irrelevant,Irrelevant,Irrelevant,No,99.0,Irrelevant,No,19.0,0.0,2.7,2.0,9.0,0.0,39.0,22.2
Male,26.0,Yes,Yes,,No,Yes,No,No,99.0,Irrelevant,No,15.0,1.0,2.7,2.0,9.0,0.0,39.0,22.2
Male,24.0,Yes,Yes,,No,No,No,No,99.0,Irrelevant,No,16.0,0.0,12.5,2.0,9.0,0.0,40.0,15.7
Male,30.0,No,Irrelevant,,Irrelevant,Irrelevant,Irrelevant,No,99.0,Irrelevant,No,46.0,0.0,12.5,2.0,9.0,0.0,40.0,15.7
Male,22.0,Yes,Yes,,No,No,No,No,99.0,Irrelevant,Yes,13.0,0.0,12.5,2.0,9.0,0.0,40.0,15.7
Male,40.0,No,Irrelevant,,Irrelevant,Irrelevant,Irrelevant,No,99.0,Irrelevant,Yes,16.0,0.0,12.5,2.0,9.0,0.0,40.0,15.7
Female,49.0,No,Irrelevant,,Irrelevant,Irrelevant,Irrelevant,No,99.0,Irrelevant,Yes,23.0,0.0,18.0,2.0,9.0,0.0,41.0,15.3
Male,47.0,No,Irrelevant,,Irrelevant,Irrelevant,Irrelevant,No,99.0,Irrelevant,No,10.0,0.0,18.0,2.0,9.0,0.0,41.0,15.3
Female,46.0,No,Irrelevant,,Irrelevant,Irrelevant,Irrelevant,No,99.0,Irrelevant,Yes,19.0,0.0,18.0,2.0,9.0,0.0,41.0,15.3
Female,36.0,Yes,Yes,,No,No,No,No,99.0,Irrelevant,No,24.0,0.0,18.0,2.0,9.0,0.0,41.0,15.3
Female,54.0,Yes,Yes,,No,Yes,Yes,No,99.0,Irrelevant,Yes,20.0,0.0,18.0,2.0,9.0,0.0,41.0,15.3
Male,58.0,No,Irrelevant,,Irrelevant,Irrelevant,Irrelevant,No,99.0,Irrelevant,No,20.0,0.0,18.0,2.0,9.0,0.0,41.0,15.3
Female,28.0,Yes,No,,Yes,No,No,No,99.0,Irrelevant,Yes,60.0,0.0,18.0,2.0,9.0,0.0,41.0,15.3
Male,41.0,No,Irrelevant,,Irrelevant,Irrelevant,Irrelevant,No,99.0,Irrelevant,No,22.0,0.0,18.0,2.0,9.0,0.0,41.0,15.3
Female,65.0,No,Irrelevant,,Irrelevant,Irrelevant,Irrelevant,Yes,No,No,No,21.0,0.0,18.0,2.0,9.0,0.0,41.0,15.3
Female,25.0,Yes,Yes,,No,No,No,No,99.0,Irrelevant,Yes,20.0,0.0,18.0,2.0,9.0,0.0,41.0,15.3
Male,26.0,Yes,Yes,,No,No,No,Yes,Yes,No,No,19.0,0.0,18.0,2.0,9.0,0.0,41.0,15.3
Male,25.0,Yes,No,,Yes,No,No,No,99.0,Irrelevant,Yes,36.0,0.0,18.0,2.0,9.0,0.0,41.0,15.3
Female,44.0,No,Irrelevant,,Irrelevant,Irrelevant,Irrelevant,Yes,No,No,No,20.0,0.0,18.0,2.0,9.0,0.0,41.0,15.3
Female,55.0,Yes,Yes,,No,No,No,No,99.0,Irrelevant,Yes,23.0,0.0,18.0,2.0,9.0,0.0,41.0,15.3
Male,23.0,No,Irrelevant,,Irrelevant,Irrelevant,Irrelevant,Yes,Yes,Yes,Yes,8.0,0.0,24.0,2.0,0.0,0.0,4.0,15.5
Female,23.0,No,Irrelevant,,Irrelevant,Irrelevant,Irrelevant,No,99.0,Irrelevant,Yes,25.0,0.0,24.0,2.0,0.0,0.0,4.0,15.5
Female,17.0,No,Irrelevant,,Irrelevant,Irrelevant,Irrelevant,No,99.0,Irrelevant,Yes,39.0,0.0,24.0,2.0,0.0,0.0,4.0,15.5
Male,45.0,Yes,No,,Yes,No,No,Yes,Yes,Yes,No,14.0,0.0,24.0,2.0,0.0,0.0,4.0,15.5
Male,48.0,No,Irrelevant,,Irrelevant,Irrelevant,Irrelevant,No,99.0,Irrelevant,Yes,21.0,0.0,24.0,2.0,0.0,0.0,4.0,15.5
Female,35.0,No,Irrelevant,,Irrelevant,Irrelevant,Irrelevant,No,99.0,Irrelevant,Yes,12.0,0.0,24.0,2.0,0.0,0.0,4.0,15.5
Female,35.0,Yes,Yes,,No,No,No,No,99.0,Irrelevant,No,12.0,0.0,24.0,2.0,0.0,0.0,4.0,15.5
Female,30.0,Yes,Yes,,No,No,No,No,99.0,Irrelevant,Yes,12.0,0.0,24.0,2.0,0.0,0.0,4.0,15.5
Male,38.0,Yes,No,,Yes,No,No,No,99.0,Irrelevant,Yes,21.0,0.0,24.0,2.0,0.0,0.0,4.0,15.5
Male,24.0,No,Irrelevant,,Irrelevant,Irrelevant,Irrelevant,No,99.0,Irrelevant,Yes,14.0,0.0,37.0,2.0,0.0,1.0,5.0,29.9
Male,45.0,No,Irrelevant,,Irrelevant,Irrelevant,Irrelevant,No,99.0,Irrelevant,No,18.0,0.0,37.0,2.0,0.0,1.0,5.0,29.9
Male,35.0,No,Irrelevant,,Irrelevant,Irrelevant,Irrelevant,No,99.0,Irrelevant,Yes,21.0,0.0,37.0,2.0,0.0,1.0,5.0,29.9
Male,23.0,No,Irrelevant,,Irrelevant,Irrelevant,Irrelevant,No,99.0,Irrelevant,No,11.0,0.0,37.0,2.0,0.0,1.0,5.0,29.9
Female,26.0,Yes,No,,No,Yes,No,Yes,Yes,No,Yes,32.0,1.0,37.0,2.0,0.0,1.0,5.0,29.9
Male,50.0,No,Irrelevant,,Irrelevant,Irrelevant,Irrelevant,No,99.0,Irrelevant,No,15.0,0.0,37.0,2.0,0.0,1.0,5.0,29.9
Male,30.0,No,Irrelevant,,Irrelevant,Irrelevant,Irrelevant,No,99.0,Irrelevant,Yes,18.0,0.0,37.0,2.0,0.0,1.0,5.0,29.9
Female,60.0,Yes,Yes,,No,No,No,No,99.0,Irrelevant,No,17.0,0.0,37.0,2.0,0.0,1.0,5.0,29.9
Male,30.0,Yes,No,,Yes,No,No,No,99.0,Irrelevant,Yes,36.0,0.0,37.0,2.0,0.0,1.0,5.0,29.9
Female,45.0,Yes,Yes,,No,Yes,No,No,99.0,Irrelevant,Yes,21.0,0.0,37.0,2.0,0.0,1.0,5.0,29.9
Male,28.0,Yes,Yes,,No,No,No,No,99.0,Irrelevant,Yes,17.0,0.0,37.0,2.0,0.0,1.0,5.0,29.9
Male,34.0,Yes,No,,Yes,No,No,Yes,Yes,Yes,No,30.0,0.0,0.0,2.0,1.0,0.0,15.0,16.3
Male,25.0,No,Irrelevant,,Irrelevant,Irrelevant,Irrelevant,No,99.0,Irrelevant,No,28.0,0.0,0.0,2.0,1.0,0.0,15.0,16.3
Female,38.0,Yes,No,,Yes,No,No,No,99.0,Irrelevant,No,11.0,0.0,22.5,2.0,5.0,0.0,24.0,18.6
Male,33.0,No,Irrelevant,,Irrelevant,Irrelevant,Irrelevant,No,99.0,Irrelevant,No,7.0,0.0,22.5,2.0,5.0,0.0,24.0,18.6
Female,30.0,Yes,Yes,,No,No,No,No,99.0,Irrelevant,Yes,5.0,0.0,4.2,2.0,5.0,1.0,25.0,30.4
Male,60.0,Yes,Yes,,No,Yes,No,No,99.0,Irrelevant,No,8.0,0.0,4.2,2.0,5.0,1.0,25.0,30.4
Male,55.0,Yes,Yes,,No,No,No,No,99.0,Irrelevant,No,10.0,0.0,4.2,2.0,5.0,1.0,25.0,30.4
Male,60.0,No,Irrelevant,,Irrelevant,Irrelevant,Irrelevant,No,99.0,Irrelevant,No,8.0,0.0,4.2,2.0,5.0,1.0,25.0,30.4
Male,21.0,No,Irrelevant,,Irrelevant,Irrelevant,Irrelevant,No,99.0,Irrelevant,No,8.0,0.0,4.2,2.0,5.0,1.0,25.0,30.4
Female,70.0,Yes,Yes,,No,No,No,No,99.0,Irrelevant,No,8.0,0.0,4.2,2.0,5.0,1.0,25.0,30.4
Male,38.0,No,Irrelevant,,Irrelevant,Irrelevant,Irrelevant,No,99.0,Irrelevant,No,8.0,0.0,4.2,2.0,5.0,1.0,25.0,30.4
Male,60.0,Yes,Yes,,No,Yes,No,No,99.0,Irrelevant,Yes,11.0,0.0,4.2,2.0,5.0,1.0,25.0,30.4
Female,50.0,No,Irrelevant,,Irrelevant,Irrelevant,Irrelevant,No,99.0,Irrelevant,Yes,7.0,0.0,4.2,2.0,5.0,1.0,25.0,30.4
Male,38.0,Yes,Yes,,No,No,No,No,99.0,Irrelevant,No,8.0,0.0,7.3999996,2.0,5.0,1.0,26.0,21.6
Male,49.0,Yes,No,,Yes,No,No,Yes,Yes,No,No,92.0,0.0,7.3999996,2.0,5.0,1.0,26.0,21.6
Female,25.0,No,No,,Irrelevant,Irrelevant,Irrelevant,No,99.0,Irrelevant,Yes,8.0,0.0,7.3999996,2.0,5.0,1.0,26.0,21.6
Female,46.0,Yes,No,,Yes,No,No,No,99.0,Irrelevant,Yes,11.0,0.0,7.3999996,2.0,5.0,1.0,26.0,21.6
Female,28.0,No,No,,Irrelevant,Irrelevant,Irrelevant,No,99.0,Irrelevant,Yes,7.0,0.0,7.3999996,2.0,5.0,1.0,26.0,21.6
Male,16.0,No,No,,Irrelevant,Irrelevant,Irrelevant,No,99.0,Irrelevant,No,10.0,0.0,7.3999996,2.0,5.0,1.0,26.0,21.6
Male,28.0,Yes,Yes,,No,No,Yes,Yes,No,No,No,8.0,0.0,7.3999996,2.0,5.0,1.0,26.0,21.6
Male,25.0,Yes,Yes,,No,No,No,No,99.0,Irrelevant,Yes,9.0,0.0,7.3999996,2.0,5.0,1.0,26.0,21.6
Female,21.0,No,No,,Irrelevant,Irrelevant,Irrelevant,No,99.0,Irrelevant,No,10.0,0.0,7.3999996,2.0,5.0,1.0,26.0,21.6
Female,50.0,No,No,,Irrelevant,Irrelevant,Irrelevant,No,99.0,Irrelevant,Yes,9.0,0.0,7.3999996,2.0,5.0,1.0,26.0,21.6
Female,30.0,No,Irrelevant,,Irrelevant,Irrelevant,Irrelevant,No,99.0,Irrelevant,No,18.0,0.0,8.0,2.0,8.0,0.0,37.0,26.1
Female,70.0,Yes,Yes,,No,No,No,No,99.0,Irrelevant,No,31.0,0.0,8.0,2.0,8.0,0.0,37.0,26.1
Female,65.0,Yes,Yes,,No,No,No,No,99.0,Irrelevant,No,20.0,0.0,8.0,2.0,8.0,0.0,37.0,26.1
Female,40.0,Yes,Yes,,No,Yes,No,No,99.0,Irrelevant,No,35.0,0.0,8.0,2.0,8.0,0.0,37.0,26.1
Male,38.0,No,Irrelevant,,Irrelevant,Irrelevant,Irrelevant,No,99.0,Irrelevant,Yes,18.0,0.0,8.0,2.0,8.0,0.0,37.0,26.1
Female,60.0,No,Irrelevant,,Irrelevant,Irrelevant,Irrelevant,No,99.0,Irrelevant,Yes,7.0,0.0,8.0,2.0,8.0,0.0,37.0,26.1
Female,58.0,Yes,No,,Yes,No,No,No,99.0,Irrelevant,Yes,25.0,0.0,8.0,2.0,8.0,0.0,37.0,26.1
Female,40.0,Yes,No,,Yes,Yes,No,No,99.0,Irrelevant,No,120.0,0.0,8.0,2.0,8.0,0.0,37.0,26.1
Female,60.0,Yes,Yes,,No,No,No,No,99.0,Irrelevant,No,28.0,0.0,8.0,2.0,8.0,0.0,37.0,26.1
Male,47.0,No,Irrelevant,,Irrelevant,Irrelevant,Irrelevant,No,99.0,Irrelevant,No,15.0,0.0,8.0,2.0,8.0,0.0,37.0,26.1
Male,29.0,No,Irrelevant,,Irrelevant,Irrelevant,Irrelevant,No,99.0,Irrelevant,No,15.0,0.0,8.0,2.0,8.0,0.0,37.0,26.1
Female,55.0,No,Irrelevant,,Irrelevant,Irrelevant,Irrelevant,Yes,Yes,Yes,Yes,27.0,0.0,8.0,2.0,8.0,0.0,37.0,26.1
Male,26.0,No,Irrelevant,,Irrelevant,Irrelevant,Irrelevant,No,99.0,Irrelevant,Yes,20.0,0.0,43.4,2.0,9.0,0.0,42.0,20.2
Male,44.0,No,Irrelevant,,Irrelevant,Irrelevant,Irrelevant,No,99.0,Irrelevant,Yes,19.0,0.0,43.4,2.0,9.0,0.0,42.0,20.2
Female,45.0,No,Irrelevant,,Irrelevant,Irrelevant,Irrelevant,No,99.0,Irrelevant,No,52.0,0.0,43.4,2.0,9.0,0.0,42.0,20.2
Male,56.0,Yes,No,,Yes,No,No,No,99.0,Irrelevant,Yes,40.0,0.0,43.4,2.0,9.0,0.0,42.0,20.2
Female,14.0,Yes,Yes,,No,No,No,Yes,Yes,No,Yes,18.0,0.0,43.4,2.0,9.0,0.0,42.0,20.2
Female,22.0,Yes,Yes,,No,No,No,No,99.0,Irrelevant,Yes,22.0,0.0,43.4,2.0,9.0,0.0,42.0,20.2
Female,24.0,No,Irrelevant,,Irrelevant,Irrelevant,Irrelevant,No,99.0,Irrelevant,Yes,18.0,0.0,43.4,2.0,9.0,0.0,42.0,20.2
Male,25.0,Yes,No,,Yes,No,No,Yes,No,No,Yes,19.0,0.0,43.4,2.0,9.0,0.0,42.0,20.2
Male,23.0,Yes,Yes,,No,No,No,No,99.0,Irrelevant,No,22.0,0.0,43.4,2.0,9.0,0.0,42.0,20.2
Female,34.0,No,Irrelevant,,Irrelevant,Irrelevant,Irrelevant,No,99.0,Irrelevant,No,18.0,0.0,43.4,2.0,9.0,0.0,42.0,20.2
Female,23.0,No,Irrelevant,,Irrelevant,Irrelevant,Irrelevant,Yes,Yes,No,Yes,26.0,0.0,19.5,2.0,9.0,0.0,43.0,24.9
Male,55.0,Yes,Yes,,No,No,No,Yes,No,No,Yes,10.0,0.0,19.5,2.0,9.0,0.0,43.0,24.9
Male,26.0,No,Irrelevant,,Irrelevant,Irrelevant,Irrelevant,Yes,Yes,Yes,Yes,30.0,0.0,19.5,2.0,9.0,0.0,43.0,24.9
Female,26.0,Yes,No,,Yes,No,No,No,99.0,Irrelevant,No,20.0,0.0,19.5,2.0,9.0,0.0,43.0,24.9
Female,20.0,No,Irrelevant,,Irrelevant,Irrelevant,Irrelevant,No,99.0,Irrelevant,Yes,20.0,0.0,19.5,2.0,9.0,0.0,44.0,15.6
Male,43.0,Yes,Yes,,No,No,No,No,99.0,Irrelevant,No,20.0,0.0,19.5,2.0,9.0,0.0,44.0,15.6
Female,27.0,Yes,Yes,,No,No,No,No,99.0,Irrelevant,No,15.0,0.0,19.5,2.0,9.0,0.0,44.0,15.6
Male,26.0,Yes,Yes,,No,No,No,No,99.0,Irrelevant,Yes,20.0,0.0,19.5,2.0,9.0,0.0,44.0,15.6
Male,28.0,No,Irrelevant,,Irrelevant,Irrelevant,Irrelevant,No,99.0,Irrelevant,Yes,30.0,0.0,19.5,2.0,9.0,0.0,44.0,15.6
Male,31.0,Yes,Yes,,No,Yes,No,No,99.0,Irrelevant,Yes,26.0,0.0,19.5,2.0,9.0,0.0,44.0,15.6
Male,24.0,Yes,Yes,,No,Yes,No,No,99.0,Irrelevant,No,17.0,1.0,19.5,2.0,9.0,0.0,44.0,15.6
Female,38.0,No,Irrelevant,,Irrelevant,Irrelevant,Irrelevant,Yes,No,No,No,22.0,0.0,19.5,2.0,9.0,0.0,44.0,15.6
Male,47.0,No,Irrelevant,,Irrelevant,Irrelevant,Irrelevant,No,99.0,Irrelevant,Yes,24.0,0.0,19.5,2.0,9.0,0.0,44.0,15.6
Male,26.0,No,Irrelevant,,Irrelevant,Irrelevant,Irrelevant,No,99.0,Irrelevant,No,22.0,0.0,19.5,2.0,9.0,0.0,44.0,15.6
Male,66.0,No,Irrelevant,,Irrelevant,Irrelevant,Irrelevant,No,99.0,Irrelevant,No,26.0,0.0,19.5,2.0,9.0,0.0,44.0,15.6
Male,66.0,Yes,Yes,,No,No,No,No,99.0,Irrelevant,No,23.0,0.0,19.5,2.0,9.0,0.0,44.0,15.6
Male,39.0,No,Irrelevant,,Irrelevant,Irrelevant,Irrelevant,No,99.0,Irrelevant,Yes,24.0,0.0,19.5,2.0,9.0,0.0,44.0,15.6
Male,26.0,Yes,Yes,,No,No,No,No,99.0,Irrelevant,Yes,19.0,0.0,19.5,2.0,9.0,0.0,44.0,15.6
Male,27.0,Yes,No,,Yes,No,No,No,99.0,Irrelevant,Yes,89.0,0.0,7.0,2.0,10.0,0.0,53.0,18.1
Female,29.0,No,Irrelevant,,Irrelevant,Irrelevant,Irrelevant,No,99.0,Irrelevant,Yes,18.0,0.0,7.0,2.0,10.0,0.0,53.0,18.1
Male,24.0,No,Irrelevant,,Irrelevant,Irrelevant,Irrelevant,No,99.0,Irrelevant,Yes,51.0,0.0,7.0,2.0,10.0,0.0,53.0,18.1
Female,22.0,Yes,Yes,,No,No,No,Yes,No,No,Yes,120.0,0.0,7.0,2.0,10.0,0.0,53.0,18.1
Male,22.0,Yes,Yes,,No,No,No,No,99.0,Irrelevant,Yes,5.0,0.0,5.0,2.0,0.0,1.0,6.0,33.0
Male,50.0,No,Irrelevant,,Irrelevant,Irrelevant,Irrelevant,No,99.0,Irrelevant,Yes,19.0,0.0,5.0,2.0,0.0,1.0,6.0,33.0
Female,45.0,Yes,Yes,,No,No,No,No,99.0,Irrelevant,Yes,28.0,0.0,14.0,2.0,1.0,0.0,16.0,17.3
Female,27.0,Yes,Yes,,No,No,Yes,No,99.0,Irrelevant,No,29.0,0.0,14.0,2.0,1.0,0.0,16.0,17.3
Male,26.0,Yes,No,,No,No,No,No,99.0,Irrelevant,Yes,21.0,0.0,14.0,2.0,1.0,0.0,16.0,17.3
Male,23.0,Yes,No,,Yes,No,No,No,99.0,Irrelevant,Yes,45.0,0.0,14.0,2.0,1.0,0.0,16.0,17.3
Male,29.0,No,Irrelevant,,Irrelevant,Irrelevant,Irrelevant,No,99.0,Irrelevant,Yes,23.0,0.0,14.0,2.0,1.0,0.0,16.0,17.3
Female,54.0,No,Irrelevant,,Irrelevant,Irrelevant,Irrelevant,No,99.0,Irrelevant,No,33.0,0.0,14.0,2.0,1.0,0.0,16.0,17.3
Male,38.0,No,Irrelevant,,Irrelevant,Irrelevant,Irrelevant,No,99.0,Irrelevant,Yes,33.0,0.0,14.0,2.0,1.0,0.0,16.0,17.3
Female,36.0,No,Irrelevant,,Irrelevant,Irrelevant,Irrelevant,No,99.0,Irrelevant,Yes,34.0,0.0,14.0,2.0,1.0,0.0,16.0,17.3
Female,26.0,No,Irrelevant,,Irrelevant,Irrelevant,Irrelevant,No,99.0,Irrelevant,Yes,25.0,0.0,14.0,2.0,1.0,0.0,16.0,17.3
Male,27.0,Yes,Yes,,No,No,No,No,99.0,Irrelevant,Yes,23.0,0.0,14.0,2.0,1.0,0.0,16.0,17.3
Male,33.0,Yes,Yes,,No,No,No,No,99.0,Irrelevant,Yes,59.0,0.0,24.0,2.0,1.0,1.0,17.0,15.3
Male,30.0,No,Irrelevant,,Irrelevant,Irrelevant,Irrelevant,Yes,Yes,Yes,Yes,91.0,0.0,24.0,2.0,1.0,1.0,17.0,15.3
Male,26.0,No,Irrelevant,,Irrelevant,Irrelevant,Irrelevant,Yes,Yes,No,Yes,71.0,0.0,24.0,2.0,1.0,1.0,17.0,15.3
Male,23.0,Yes,Yes,,No,No,No,No,99.0,Irrelevant,No,19.0,0.0,24.0,2.0,1.0,1.0,17.0,15.3
Male,40.0,Yes,No,,No,Yes,No,No,99.0,Irrelevant,Yes,23.0,0.0,24.0,2.0,1.0,1.0,17.0,15.3
Male,24.0,No,Irrelevant,,Irrelevant,Irrelevant,Irrelevant,No,99.0,Irrelevant,Yes,31.0,0.0,24.0,2.0,1.0,1.0,17.0,15.3
Female,27.0,No,Irrelevant,,Irrelevant,Irrelevant,Irrelevant,Missing,99.0,Irrelevant,No,22.0,0.0,24.0,2.0,1.0,1.0,17.0,15.3
Male,25.0,No,Irrelevant,,Irrelevant,Irrelevant,Irrelevant,No,99.0,Irrelevant,No,22.0,0.0,24.0,2.0,1.0,1.0,17.0,15.3
Male,45.0,Yes,Yes,,No,No,No,No,99.0,Irrelevant,No,24.0,0.0,24.0,2.0,1.0,1.0,17.0,15.3
Female,29.0,No,Irrelevant,,Irrelevant,Irrelevant,Irrelevant,No,99.0,Irrelevant,No,20.0,0.0,24.0,2.0,1.0,1.0,17.0,15.3
Male,29.0,Yes,Yes,,No,No,No,No,99.0,Irrelevant,Yes,27.0,0.0,24.0,2.0,1.0,1.0,17.0,15.3
Male,54.0,Yes,Yes,,No,No,No,No,99.0,Irrelevant,No,27.0,0.0,24.0,2.0,1.0,1.0,17.0,15.3
Female,20.0,No,Irrelevant,,Irrelevant,Irrelevant,Irrelevant,No,99.0,Irrelevant,Yes,30.0,0.0,24.0,2.0,1.0,1.0,17.0,15.3
Male,22.0,No,Irrelevant,,Irrelevant,Irrelevant,Irrelevant,Yes,Yes,Yes,No,33.0,0.0,24.0,2.0,1.0,1.0,17.0,15.3
Male,58.0,Yes,Yes,,No,No,No,No,99.0,Irrelevant,No,22.0,0.0,24.0,2.0,1.0,1.0,17.0,15.3
Male,28.0,Yes,No,,Yes,No,No,No,99.0,Irrelevant,No,45.0,0.0,24.0,2.0,1.0,1.0,17.0,15.3
Female,20.0,No,Irrelevant,,Irrelevant,Irrelevant,Irrelevant,No,99.0,Irrelevant,Yes,8.0,0.0,4.3999996,2.0,5.0,1.0,27.0,26.3
Female,24.0,Yes,Yes,,No,No,No,No,99.0,Irrelevant,Yes,8.0,0.0,4.3999996,2.0,5.0,1.0,27.0,26.3
Female,25.0,No,Irrelevant,,Irrelevant,Irrelevant,Irrelevant,No,99.0,Irrelevant,No,7.0,0.0,4.3999996,2.0,5.0,1.0,27.0,26.3
Male,43.0,No,No,,Irrelevant,Irrelevant,Irrelevant,No,99.0,Irrelevant,Yes,9.0,0.0,10.5,2.0,5.0,1.0,28.0,19.4
Female,24.0,No,No,,Irrelevant,Irrelevant,Irrelevant,No,99.0,Irrelevant,No,8.0,0.0,10.5,2.0,5.0,1.0,28.0,19.4
Male,33.0,Yes,Yes,,No,No,No,No,99.0,Irrelevant,No,7.0,0.0,10.5,2.0,5.0,1.0,28.0,19.4
Female,22.0,No,No,,Irrelevant,Irrelevant,Irrelevant,No,99.0,Irrelevant,Yes,8.0,0.0,10.5,2.0,5.0,1.0,28.0,19.4
Male,38.0,Yes,Yes,,No,No,No,No,99.0,Irrelevant,No,8.0,0.0,10.5,2.0,5.0,1.0,28.0,19.4
Male,48.0,Yes,Yes,,No,No,No,No,99.0,Irrelevant,Yes,10.0,0.0,10.5,2.0,5.0,1.0,28.0,19.4
Female,19.0,Yes,Yes,,No,No,No,No,99.0,Irrelevant,Yes,9.0,0.0,10.5,2.0,5.0,1.0,28.0,19.4
Male,20.0,No,No,,Irrelevant,Irrelevant,Irrelevant,No,99.0,Irrelevant,Yes,9.0,0.0,10.5,2.0,5.0,1.0,28.0,19.4
Female,17.0,Yes,No,,Yes,No,No,No,99.0,Irrelevant,Yes,29.0,0.0,26.7,2.0,9.0,0.0,45.0,21.3
Female,22.0,No,Irrelevant,,Irrelevant,Irrelevant,Irrelevant,No,99.0,Irrelevant,Yes,31.0,0.0,26.7,2.0,9.0,0.0,45.0,21.3
Female,21.0,Yes,Yes,,No,No,No,No,99.0,Irrelevant,Yes,23.0,0.0,26.7,2.0,9.0,0.0,45.0,21.3
Female,21.0,Yes,Yes,,No,No,No,No,99.0,Irrelevant,Yes,22.0,0.0,26.7,2.0,9.0,0.0,45.0,21.3
Male,27.0,No,Irrelevant,,Irrelevant,Irrelevant,Irrelevant,No,99.0,Irrelevant,No,19.0,0.0,26.7,2.0,9.0,0.0,45.0,21.3
Female,16.0,No,Irrelevant,,Irrelevant,Irrelevant,Irrelevant,Yes,No,No,Yes,91.0,0.0,26.7,2.0,9.0,0.0,45.0,21.3
Female,57.0,Yes,Yes,,No,No,No,No,99.0,Irrelevant,No,22.0,0.0,26.7,2.0,9.0,0.0,45.0,21.3
Female,42.0,No,Irrelevant,,Irrelevant,Irrelevant,Irrelevant,No,99.0,Irrelevant,No,27.0,0.0,26.7,2.0,9.0,0.0,45.0,21.3
Female,55.0,No,Irrelevant,,Irrelevant,Irrelevant,Irrelevant,No,99.0,Irrelevant,Yes,25.0,0.0,26.7,2.0,9.0,0.0,45.0,21.3
Female,50.0,Yes,Yes,,No,Yes,No,No,99.0,Irrelevant,Yes,68.0,0.0,26.7,2.0,9.0,0.0,45.0,21.3
Female,53.0,Yes,No,,Yes,No,No,No,99.0,Irrelevant,Yes,25.0,0.0,26.7,2.0,9.0,0.0,45.0,21.3
Female,18.0,No,Irrelevant,,Irrelevant,Irrelevant,Irrelevant,Yes,Yes,No,Yes,149.0,0.0,26.7,2.0,9.0,0.0,45.0,21.3
Male,25.0,No,Irrelevant,,Irrelevant,Irrelevant,Irrelevant,No,99.0,Irrelevant,Yes,24.0,0.0,26.7,2.0,9.0,0.0,45.0,21.3
Male,29.0,Yes,Yes,,No,No,No,No,99.0,Irrelevant,Yes,46.0,0.0,26.7,2.0,9.0,0.0,45.0,21.3
Female,25.0,No,Irrelevant,,Irrelevant,Irrelevant,Irrelevant,No,99.0,Irrelevant,Yes,21.0,0.0,26.7,2.0,9.0,0.0,45.0,21.3
Male,18.0,Yes,Yes,,No,No,No,No,99.0,Irrelevant,Yes,24.0,0.0,26.7,2.0,9.0,0.0,45.0,21.3
Female,28.0,No,Irrelevant,,Irrelevant,Irrelevant,Irrelevant,No,99.0,Irrelevant,Yes,23.0,0.0,8.6,2.0,9.0,0.0,46.0,16.7
Male,28.0,Yes,No,,No,No,No,Yes,Yes,No,No,21.0,0.0,8.6,2.0,9.0,0.0,46.0,16.7
Male,28.0,Yes,No,,Yes,No,No,No,99.0,Irrelevant,No,38.0,0.0,0.0,2.0,10.0,0.0,54.0,11.8
Female,23.0,No,Irrelevant,,Irrelevant,Irrelevant,Irrelevant,No,99.0,Irrelevant,Yes,38.0,0.0,0.0,2.0,10.0,0.0,54.0,11.8
Male,29.0,No,Irrelevant,,Irrelevant,Irrelevant,Irrelevant,No,99.0,Irrelevant,Yes,20.0,0.0,0.0,2.0,10.0,0.0,54.0,11.8
Female,24.0,No,Irrelevant,,Irrelevant,Irrelevant,Irrelevant,No,99.0,Irrelevant,Yes,11.0,0.0,3.0,2.0,10.0,0.0,55.0,20.3
Female,29.0,Yes,Yes,,No,No,No,No,99.0,Irrelevant,Yes,36.0,0.0,3.0,2.0,10.0,0.0,55.0,20.3
Male,27.0,No,Irrelevant,,Irrelevant,Irrelevant,Irrelevant,Yes,Yes,Yes,No,28.0,0.0,3.0,2.0,10.0,0.0,55.0,20.3
Male,26.0,No,Irrelevant,,Irrelevant,Irrelevant,Irrelevant,No,99.0,Irrelevant,Yes,75.0,0.0,3.0,2.0,10.0,0.0,55.0,20.3
Male,28.0,No,Irrelevant,,Irrelevant,Irrelevant,Irrelevant,Missing,No,No,Yes,33.0,0.0,3.0,2.0,10.0,0.0,55.0,20.3
Female,32.0,No,Irrelevant,,Irrelevant,Irrelevant,Irrelevant,No,99.0,Irrelevant,No,8.0,0.0,5.0,2.0,0.0,0.0,7.0,17.8
Male,60.0,No,Irrelevant,,Irrelevant,Irrelevant,Irrelevant,No,99.0,Irrelevant,No,14.0,0.0,5.0,2.0,0.0,0.0,7.0,17.8
Female,25.0,No,Irrelevant,,Irrelevant,Irrelevant,Irrelevant,No,99.0,Irrelevant,No,7.0,0.0,12.700001,2.0,5.0,0.0,29.0,20.8
Female,39.0,Yes,Yes,,No,No,No,No,99.0,Irrelevant,No,10.0,0.0,12.700001,2.0,5.0,0.0,29.0,20.8
Female,27.0,No,Irrelevant,,Irrelevant,Irrelevant,Irrelevant,No,99.0,Irrelevant,No,7.0,0.0,12.700001,2.0,5.0,0.0,29.0,20.8
Female,34.0,Yes,Yes,,No,Yes,No,No,99.0,Irrelevant,Yes,11.0,0.0,12.700001,2.0,5.0,0.0,29.0,20.8
Male,32.0,No,Irrelevant,,Irrelevant,Irrelevant,Irrelevant,No,99.0,Irrelevant,Yes,7.0,0.0,7.7,2.0,5.0,1.0,30.0,26.5
Female,55.0,Yes,Yes,,No,No,No,No,99.0,Irrelevant,No,6.0,0.0,7.7,2.0,5.0,1.0,30.0,26.5
Male,35.0,Yes,Yes,,No,No,No,No,99.0,Irrelevant,Yes,10.0,0.0,7.7,2.0,5.0,1.0,30.0,26.5
Male,38.0,No,Irrelevant,,Irrelevant,Irrelevant,Irrelevant,No,99.0,Irrelevant,No,10.0,0.0,7.7,2.0,5.0,1.0,30.0,26.5
Male,18.0,Yes,Yes,,No,No,No,No,99.0,Irrelevant,Yes,8.0,0.0,7.7,2.0,5.0,1.0,30.0,26.5
Male,50.0,No,Irrelevant,,Irrelevant,Irrelevant,Irrelevant,No,99.0,Irrelevant,Yes,8.0,0.0,7.7,2.0,5.0,1.0,30.0,26.5
Female,32.0,No,Irrelevant,,Irrelevant,Irrelevant,Irrelevant,No,99.0,Irrelevant,Yes,9.0,0.0,7.7,2.0,5.0,1.0,30.0,26.5
Female,60.0,Yes,Yes,,No,Yes,No,No,99.0,Irrelevant,No,9.0,0.0,7.7,2.0,5.0,1.0,30.0,26.5
Female,61.0,No,No,,Irrelevant,Irrelevant,Irrelevant,No,99.0,Irrelevant,No,7.0,0.0,9.9,2.0,5.0,1.0,31.0,21.1
Male,31.0,No,No,,Irrelevant,Irrelevant,Irrelevant,No,99.0,Irrelevant,Yes,9.0,0.0,9.9,2.0,5.0,1.0,31.0,21.1
Female,18.0,Yes,Yes,,No,No,No,No,99.0,Irrelevant,Yes,8.0,0.0,9.9,2.0,5.0,1.0,31.0,21.1
Female,31.0,Yes,Yes,,No,No,No,No,99.0,Irrelevant,Yes,9.0,0.0,9.9,2.0,5.0,1.0,31.0,21.1
Male,17.0,Yes,Yes,,No,No,No,No,99.0,Irrelevant,Yes,2.0,0.0,9.9,2.0,5.0,1.0,31.0,21.1
Female,21.0,No,No,,Irrelevant,Irrelevant,Irrelevant,No,99.0,Irrelevant,No,2.0,0.0,9.9,2.0,5.0,1.0,31.0,21.1
Male,32.0,No,No,,Irrelevant,Irrelevant,Irrelevant,No,99.0,Irrelevant,No,8.0,0.0,9.9,2.0,5.0,1.0,31.0,21.1
Female,24.0,Yes,Yes,,No,No,No,No,99.0,Irrelevant,Yes,9.0,0.0,9.9,2.0,5.0,1.0,31.0,21.1
Male,37.0,No,Irrelevant,,Irrelevant,Irrelevant,Irrelevant,No,99.0,Irrelevant,No,16.0,0.0,44.3,2.0,9.0,0.0,47.0,21.4
Female,17.0,Yes,Yes,,No,Yes,No,Yes,Yes,No,Yes,17.0,0.0,44.3,2.0,9.0,0.0,47.0,21.4
Female,65.0,Yes,Yes,,No,No,No,No,99.0,Irrelevant,No,19.0,0.0,44.3,2.0,9.0,0.0,47.0,21.4
Male,22.0,No,Irrelevant,,Irrelevant,Irrelevant,Irrelevant,No,99.0,Irrelevant,No,19.0,0.0,44.3,2.0,9.0,0.0,47.0,21.4
Male,30.0,Yes,No,,No,No,No,Yes,Yes,No,Yes,22.0,0.0,44.3,2.0,9.0,0.0,47.0,21.4
Male,30.0,No,Irrelevant,,Irrelevant,Irrelevant,Irrelevant,No,99.0,Irrelevant,Yes,22.0,0.0,44.3,2.0,9.0,0.0,47.0,21.4
Female,50.0,No,Irrelevant,,Irrelevant,Irrelevant,Irrelevant,No,99.0,Irrelevant,No,22.0,0.0,44.3,2.0,9.0,0.0,47.0,21.4
Female,65.0,Yes,Yes,,No,No,No,No,99.0,Irrelevant,No,13.0,0.0,44.3,2.0,9.0,0.0,47.0,21.4
Female,18.0,No,Irrelevant,,Irrelevant,Irrelevant,Irrelevant,No,99.0,Irrelevant,Yes,24.0,0.0,44.3,2.0,9.0,0.0,47.0,21.4
Male,53.0,No,Irrelevant,,Irrelevant,Irrelevant,Irrelevant,No,99.0,Irrelevant,Yes,29.0,0.0,44.3,2.0,9.0,0.0,47.0,21.4
Female,22.0,No,Irrelevant,,Irrelevant,Irrelevant,Irrelevant,No,99.0,Irrelevant,No,19.0,0.0,44.3,2.0,9.0,0.0,47.0,21.4
Female,30.0,Yes,Yes,,No,No,No,No,99.0,Irrelevant,No,20.0,0.0,44.3,2.0,9.0,0.0,47.0,21.4
Male,25.0,Yes,Yes,,No,No,No,No,99.0,Irrelevant,Yes,24.0,0.0,44.3,2.0,9.0,0.0,47.0,21.4
Male,53.0,Yes,No,,No,No,No,No,99.0,Irrelevant,Yes,24.0,0.0,44.3,2.0,9.0,0.0,47.0,21.4
Female,70.0,No,Irrelevant,,Irrelevant,Irrelevant,Irrelevant,No,99.0,Irrelevant,Yes,105.0,0.0,4.0,2.0,10.0,0.0,56.0,22.2
Male,36.0,Yes,Yes,,No,No,No,No,99.0,Irrelevant,Yes,54.0,0.0,4.0,2.0,10.0,0.0,56.0,22.2
Male,35.0,No,Irrelevant,,Irrelevant,Irrelevant,Irrelevant,Yes,Yes,Yes,No,8.0,0.0,4.0,2.0,10.0,0.0,56.0,22.2
Male,30.0,No,Irrelevant,,Irrelevant,Irrelevant,Irrelevant,Yes,Yes,No,Yes,36.0,0.0,11.0,2.0,10.0,0.0,57.0,25.2
Male,35.0,Yes,Yes,,No,Yes,No,No,99.0,Irrelevant,Yes,39.0,0.0,11.0,2.0,10.0,0.0,57.0,25.2
Female,49.0,No,Irrelevant,,Irrelevant,Irrelevant,Irrelevant,No,99.0,Irrelevant,Yes,47.0,0.0,5.0,2.0,10.0,0.0,58.0,15.4
Female,21.0,Yes,Yes,,No,No,No,Yes,No,No,Yes,120.0,0.0,5.0,2.0,10.0,0.0,58.0,15.4
Male,26.0,No,Irrelevant,,Irrelevant,Irrelevant,Irrelevant,Yes,Yes,Yes,No,14.0,0.0,5.0,2.0,10.0,0.0,58.0,15.4
Male,35.0,No,Irrelevant,,Irrelevant,Irrelevant,Irrelevant,No,99.0,Irrelevant,No,11.0,0.0,2.0,2.0,0.0,0.0,8.0,16.8
Male,65.0,Yes,Yes,,No,No,No,No,99.0,Irrelevant,No,26.0,0.0,2.0,2.0,0.0,0.0,8.0,16.8
Female,74.0,Yes,Yes,,No,No,No,No,99.0,Irrelevant,No,17.0,0.0,4.0,2.0,0.0,1.0,9.0,24.5
Male,66.0,No,Irrelevant,,Irrelevant,Irrelevant,Irrelevant,No,99.0,Irrelevant,No,20.0,0.0,4.0,2.0,0.0,1.0,9.0,24.5
Male,24.0,No,Irrelevant,,Irrelevant,Irrelevant,Irrelevant,Yes,Yes,Yes,No,17.0,0.0,4.0,2.0,0.0,1.0,9.0,24.5
Female,28.0,No,Irrelevant,,Irrelevant,Irrelevant,Irrelevant,No,99.0,Irrelevant,Yes,14.0,0.0,4.0,2.0,0.0,1.0,9.0,24.5
Male,28.0,No,Irrelevant,,Irrelevant,Irrelevant,Irrelevant,No,99.0,Irrelevant,No,13.0,0.0,4.0,2.0,0.0,1.0,9.0,24.5
Male,73.0,Yes,Yes,,No,No,No,No,99.0,Irrelevant,Yes,33.0,0.0,4.0,2.0,0.0,1.0,9.0,24.5
Male,71.0,Yes,Yes,,No,No,No,No,99.0,Irrelevant,No,12.0,0.0,4.0,2.0,0.0,1.0,9.0,24.5
Male,24.0,No,Irrelevant,,Irrelevant,Irrelevant,Irrelevant,No,99.0,Irrelevant,No,21.0,0.0,51.0,2.0,1.0,0.0,18.0,19.2
Male,23.0,Yes,Yes,,No,No,No,No,99.0,Irrelevant,Yes,24.0,0.0,51.0,2.0,1.0,0.0,18.0,19.2
Female,24.0,No,Irrelevant,,Irrelevant,Irrelevant,Irrelevant,Yes,Yes,No,Yes,31.0,0.0,51.0,2.0,1.0,0.0,18.0,19.2
Male,16.0,Yes,Yes,,No,No,No,No,99.0,Irrelevant,Yes,23.0,0.0,51.0,2.0,1.0,0.0,18.0,19.2
Male,48.0,Yes,Yes,,No,No,No,No,99.0,Irrelevant,Yes,35.0,0.0,51.0,2.0,1.0,0.0,18.0,19.2
Male,49.0,Yes,Yes,,No,No,No,No,99.0,Irrelevant,No,24.0,0.0,51.0,2.0,1.0,0.0,18.0,19.2
Male,65.0,No,Irrelevant,,Irrelevant,Irrelevant,Irrelevant,No,99.0,Irrelevant,Yes,22.0,0.0,51.0,2.0,1.0,0.0,18.0,19.2
Male,26.0,No,Irrelevant,,Irrelevant,Irrelevant,Irrelevant,No,99.0,Irrelevant,No,24.0,0.0,51.0,2.0,1.0,0.0,18.0,19.2
Female,19.0,Yes,No,,Yes,No,No,No,99.0,Irrelevant,Yes,22.0,0.0,51.0,2.0,1.0,0.0,18.0,19.2
Female,36.0,No,Irrelevant,,Irrelevant,Irrelevant,Irrelevant,Yes,Yes,No,Yes,29.0,0.0,51.0,2.0,1.0,0.0,18.0,19.2
Male,77.0,Yes,Yes,,No,No,No,No,99.0,Irrelevant,No,9.0,0.0,8.1,2.0,5.0,0.0,32.0,14.0
Female,27.0,No,Irrelevant,,Irrelevant,Irrelevant,Irrelevant,Yes,Yes,Yes,No,6.0,0.0,8.1,2.0,5.0,0.0,32.0,14.0
Female,52.0,Yes,No,,Yes,No,No,No,99.0,Irrelevant,Yes,9.0,0.0,8.1,2.0,5.0,0.0,32.0,14.0
Male,23.0,No,Irrelevant,,Irrelevant,Irrelevant,Irrelevant,No,99.0,Irrelevant,No,7.0,0.0,8.1,2.0,5.0,0.0,32.0,14.0
Male,62.0,No,Irrelevant,,Irrelevant,Irrelevant,Irrelevant,No,99.0,Irrelevant,No,12.0,0.0,1.8,2.0,9.0,0.0,48.0,21.7
Male,24.0,Yes,No,,Yes,No,No,No,99.0,Irrelevant,No,75.0,0.0,1.8,2.0,9.0,0.0,48.0,21.7
Male,48.0,No,Irrelevant,,Irrelevant,Irrelevant,Irrelevant,No,99.0,Irrelevant,No,17.0,0.0,1.8,2.0,9.0,0.0,48.0,21.7
Female,32.0,Yes,No,,Yes,No,No,Yes,Yes,No,No,28.0,0.0,1.8,2.0,9.0,0.0,48.0,21.7
Male,28.0,No,Irrelevant,,Irrelevant,Irrelevant,Irrelevant,No,99.0,Irrelevant,No,23.0,0.0,3.0,2.0,10.0,0.0,59.0,28.4
Female,40.0,Yes,No,,Yes,No,No,Yes,Yes,No,No,38.0,0.0,3.0,2.0,10.0,0.0,59.0,28.4
Male,30.0,No,Irrelevant,,Irrelevant,Irrelevant,Irrelevant,No,99.0,Irrelevant,No,9.0,0.0,25.0,2.0,0.0,1.0,10.0,21.4
Male,30.0,Yes,Yes,,No,No,No,No,99.0,Irrelevant,No,10.0,0.0,25.0,2.0,0.0,1.0,10.0,21.4
Female,25.0,Yes,Yes,,No,No,No,No,99.0,Irrelevant,Yes,28.0,0.0,25.0,2.0,0.0,1.0,10.0,21.4
Female,25.0,Yes,Yes,,No,No,No,No,99.0,Irrelevant,Yes,23.0,0.0,25.0,2.0,0.0,1.0,10.0,21.4
Female,29.0,No,Irrelevant,,Irrelevant,Irrelevant,Irrelevant,No,99.0,Irrelevant,No,28.0,0.0,7.7,2.0,9.0,0.0,49.0,22.8
Male,25.0,Yes,Yes,,No,No,No,No,99.0,Irrelevant,No,14.0,0.0,7.7,2.0,9.0,0.0,49.0,22.8
Male,30.0,No,Irrelevant,,Irrelevant,Irrelevant,Irrelevant,Yes,Missing,Missing,Yes,51.0,0.0,6.0,2.0,10.0,0.0,60.0,19.2
Male,33.0,No,Irrelevant,,Irrelevant,Irrelevant,Irrelevant,No,99.0,Irrelevant,Yes,14.0,0.0,6.0,2.0,10.0,0.0,60.0,19.2
Male,35.0,No,Irrelevant,,Irrelevant,Irrelevant,Irrelevant,No,99.0,Irrelevant,Yes,21.0,0.0,6.0,2.0,10.0,0.0,60.0,19.2
Male,32.0,No,Irrelevant,,Irrelevant,Irrelevant,Irrelevant,No,99.0,Irrelevant,Yes,43.0,0.0,6.0,2.0,10.0,0.0,60.0,19.2
Female,25.0,No,Irrelevant,,Irrelevant,Irrelevant,Irrelevant,Yes,No,No,Yes,58.0,0.0,5.0,2.0,10.0,0.0,61.0,33.2
Male,30.0,Yes,No,,Yes,No,No,Yes,Yes,Yes,Yes,31.0,0.0,5.0,2.0,10.0,0.0,61.0,33.2
Male,24.0,Yes,No,,Yes,Yes,No,No,99.0,Irrelevant,No,35.0,0.0,17.0,2.0,0.0,0.0,11.0,16.2
Male,30.0,Yes,Yes,,No,No,No,No,99.0,Irrelevant,No,14.0,0.0,17.0,2.0,0.0,0.0,11.0,16.2
Male,25.0,Yes,Yes,,No,No,No,No,99.0,Irrelevant,No,14.0,0.0,17.0,2.0,0.0,0.0,11.0,16.2
Female,25.0,Yes,Yes,,No,No,No,No,99.0,Irrelevant,Yes,17.0,0.0,17.0,2.0,0.0,0.0,11.0,16.2
Male,36.0,No,Irrelevant,,Irrelevant,Irrelevant,Irrelevant,No,99.0,Irrelevant,No,33.0,0.0,17.0,2.0,0.0,0.0,11.0,16.2
Male,26.0,No,Irrelevant,,Irrelevant,Irrelevant,Irrelevant,No,99.0,Irrelevant,Yes,28.0,0.0,5.0,2.0,1.0,1.0,19.0,22.8
Male,25.0,Yes,No,,Yes,No,No,No,99.0,Irrelevant,Yes,24.0,0.0,5.0,2.0,1.0,1.0,19.0,22.8
Female,26.0,No,Irrelevant,,Irrelevant,Irrelevant,Irrelevant,Yes,Yes,Yes,Yes,41.0,0.0,5.0,2.0,1.0,1.0,19.0,22.8
Male,28.0,Yes,No,,Yes,Irrelevant,Irrelevant,No,99.0,Irrelevant,Yes,23.0,0.0,5.0,2.0,1.0,1.0,19.0,22.8
Female,32.0,Yes,No,,Yes,No,No,No,99.0,Irrelevant,Yes,8.0,0.0,10.5,2.0,5.0,0.0,33.0,19.0
Male,29.0,No,Irrelevant,,Irrelevant,Irrelevant,Irrelevant,No,99.0,Irrelevant,Yes,10.0,0.0,10.5,2.0,5.0,0.0,33.0,19.0
Female,38.0,No,Irrelevant,,Irrelevant,Irrelevant,Irrelevant,No,99.0,Irrelevant,Yes,10.0,0.0,10.5,2.0,5.0,0.0,33.0,19.0
Male,24.0,Yes,No,,No,No,No,No,99.0,Irrelevant,Yes,7.0,0.0,10.5,2.0,5.0,0.0,33.0,19.0
Female,74.0,Yes,No,,Yes,No,No,No,99.0,Irrelevant,No,10.0,0.0,10.5,2.0,5.0,0.0,33.0,19.0
Female,18.0,No,Irrelevant,,Irrelevant,Irrelevant,Irrelevant,No,99.0,Irrelevant,Yes,8.0,0.0,10.5,2.0,5.0,0.0,33.0,19.0
Female,25.0,No,Irrelevant,,Irrelevant,Irrelevant,Irrelevant,Yes,No,No,No,27.0,0.0,2.0,2.0,10.0,0.0,62.0,16.9
Male,28.0,No,Irrelevant,,Irrelevant,Irrelevant,Irrelevant,No,99.0,Irrelevant,Yes,46.0,0.0,2.0,2.0,10.0,0.0,62.0,16.9
Male,25.0,Yes,Yes,,No,Yes,No,No,99.0,Irrelevant,Yes,22.0,0.0,2.0,2.0,10.0,0.0,62.0,16.9
Female,60.0,Yes,Yes,,No,Yes,No,No,99.0,Irrelevant,No,21.0,0.0,24.0,2.0,8.0,0.0,38.0,20.3
Male,42.0,Yes,No,,Yes,No,No,No,99.0,Irrelevant,No,29.0,0.0,24.0,2.0,8.0,0.0,38.0,20.3
Female,62.0,No,Yes,,No,Yes,No,Yes,Yes,Yes,No,23.0,0.0,24.0,2.0,8.0,0.0,38.0,20.3
Female,32.0,No,Irrelevant,,Irrelevant,Irrelevant,Irrelevant,No,99.0,Irrelevant,Yes,20.0,0.0,24.0,2.0,8.0,0.0,38.0,20.3
Female,57.0,No,Irrelevant,,Irrelevant,Irrelevant,Irrelevant,No,99.0,Irrelevant,No,17.0,0.0,24.0,2.0,8.0,0.0,38.0,20.3
Male,78.0,Yes,No,,No,No,No,No,99.0,Irrelevant,No,87.0,0.0,24.0,2.0,8.0,0.0,38.0,20.3
Female,36.0,Yes,Yes,,No,No,No,No,99.0,Irrelevant,No,16.0,0.0,24.0,2.0,8.0,0.0,38.0,20.3
Female,38.0,No,Irrelevant,,Irrelevant,Irrelevant,Irrelevant,No,99.0,Irrelevant,Yes,20.0,0.0,24.0,2.0,8.0,0.0,38.0,20.3
Female,53.0,No,Irrelevant,,Irrelevant,Irrelevant,Irrelevant,No,99.0,Irrelevant,Yes,27.0,0.0,24.0,2.0,8.0,0.0,38.0,20.3
Male,25.0,No,Irrelevant,,Irrelevant,Irrelevant,Irrelevant,No,99.0,Irrelevant,Yes,11.0,0.0,1.0,2.0,10.0,0.0,63.0,15.7
Male,20.0,No,Irrelevant,,Irrelevant,Irrelevant,Irrelevant,No,99.0,Irrelevant,Yes,19.0,0.0,1.0,2.0,10.0,0.0,63.0,15.7
Female,26.0,Yes,No,,Yes,No,No,Yes,Yes,No,Yes,46.0,0.0,1.0,2.0,10.0,0.0,63.0,15.7
Male,25.0,No,Irrelevant,,Irrelevant,Irrelevant,Irrelevant,No,99.0,Irrelevant,Yes,120.0,0.0,48.0,2.0,1.0,1.0,20.0,22.4
Female,27.0,Yes,No,,No,No,No,No,99.0,Irrelevant,Yes,34.0,0.0,48.0,2.0,1.0,1.0,20.0,22.4
Male,25.0,Yes,Yes,,No,Yes,No,No,99.0,Irrelevant,Yes,26.0,0.0,48.0,2.0,1.0,1.0,20.0,22.4
Female,25.0,No,Irrelevant,,Irrelevant,Irrelevant,Irrelevant,No,99.0,Irrelevant,Yes,27.0,0.0,48.0,2.0,1.0,1.0,20.0,22.4
Male,28.0,Yes,Yes,,No,No,No,No,99.0,Irrelevant,Yes,22.0,0.0,48.0,2.0,1.0,1.0,20.0,22.4
Female,21.0,No,Irrelevant,,Irrelevant,Irrelevant,Irrelevant,Yes,No,No,Yes,31.0,0.0,48.0,2.0,1.0,1.0,20.0,22.4
Male,32.0,No,Irrelevant,,Irrelevant,Irrelevant,Irrelevant,No,99.0,Irrelevant,Yes,20.0,0.0,48.0,2.0,1.0,1.0,20.0,22.4
Female,28.0,Yes,Yes,,No,No,No,No,99.0,Irrelevant,Yes,26.0,0.0,48.0,2.0,1.0,1.0,20.0,22.4
Male,31.0,No,Irrelevant,,Irrelevant,Irrelevant,Irrelevant,No,99.0,Irrelevant,Yes,7.0,0.0,22.1,2.0,5.0,0.0,34.0,21.9
Female,56.0,Yes,No,,No,No,No,No,99.0,Irrelevant,Yes,9.0,0.0,22.1,2.0,5.0,0.0,34.0,21.9
Female,26.0,No,Irrelevant,,Irrelevant,Irrelevant,Irrelevant,No,99.0,Irrelevant,Yes,25.0,0.0,16.3,2.0,9.0,0.0,50.0,22.2
Female,44.0,No,Irrelevant,,Irrelevant,Irrelevant,Irrelevant,No,99.0,Irrelevant,No,19.0,0.0,16.3,2.0,9.0,0.0,50.0,22.2
Male,30.0,No,Irrelevant,,Irrelevant,Irrelevant,Irrelevant,Yes,No,No,Yes,57.0,0.0,16.3,2.0,9.0,0.0,50.0,22.2
Female,32.0,No,Irrelevant,,Irrelevant,Irrelevant,Irrelevant,No,99.0,Irrelevant,Yes,21.0,0.0,16.3,2.0,9.0,0.0,50.0,22.2
Male,46.0,Yes,Yes,,No,No,No,No,99.0,Irrelevant,Yes,23.0,0.0,16.3,2.0,9.0,0.0,50.0,22.2
Female,28.0,Yes,Yes,,No,No,No,No,99.0,Irrelevant,Yes,23.0,0.0,16.3,2.0,9.0,0.0,50.0,22.2
Male,19.0,No,Irrelevant,,Irrelevant,Irrelevant,Irrelevant,No,99.0,Irrelevant,Yes,22.0,0.0,16.3,2.0,9.0,0.0,50.0,22.2
Male,27.0,No,Irrelevant,,Irrelevant,Irrelevant,Irrelevant,No,99.0,Irrelevant,Yes,23.0,0.0,16.3,2.0,9.0,0.0,50.0,22.2
Male,22.0,Yes,Yes,,No,No,Yes,No,99.0,Irrelevant,Yes,21.0,0.0,16.3,2.0,9.0,0.0,50.0,22.2
Female,26.0,Yes,Yes,,No,No,No,No,99.0,Irrelevant,No,18.0,0.0,16.3,2.0,9.0,0.0,50.0,22.2
Female,52.0,Yes,Yes,,No,No,No,No,99.0,Irrelevant,No,18.0,0.0,16.3,2.0,9.0,0.0,50.0,22.2
Female,18.0,Yes,No,,Yes,No,No,No,99.0,Irrelevant,Yes,26.0,0.0,16.3,2.0,9.0,0.0,50.0,22.2
Female,36.0,Yes,Yes,,No,No,No,No,99.0,Irrelevant,Yes,22.0,0.0,41.3,2.0,9.0,0.0,51.0,26.7
Male,48.0,Yes,Yes,,No,No,No,No,99.0,Irrelevant,Yes,19.0,0.0,41.3,2.0,9.0,0.0,51.0,26.7
Female,35.0,Yes,No,,Yes,No,No,No,99.0,Irrelevant,Yes,22.0,0.0,41.3,2.0,9.0,0.0,51.0,26.7
Male,31.0,No,Irrelevant,,Irrelevant,Irrelevant,Irrelevant,No,99.0,Irrelevant,Yes,18.0,0.0,41.3,2.0,9.0,0.0,51.0,26.7
Male,65.0,No,Irrelevant,,Irrelevant,Irrelevant,Irrelevant,No,99.0,Irrelevant,No,21.0,0.0,41.3,2.0,9.0,0.0,51.0,26.7
Male,41.0,Yes,Yes,,No,Yes,No,No,99.0,Irrelevant,No,17.0,0.0,41.3,2.0,9.0,0.0,51.0,26.7
Female,31.0,Yes,Yes,,No,No,No,No,99.0,Irrelevant,Yes,20.0,0.0,41.3,2.0,9.0,0.0,51.0,26.7
Male,34.0,No,Irrelevant,,Irrelevant,Irrelevant,Irrelevant,No,99.0,Irrelevant,Yes,21.0,0.0,41.3,2.0,9.0,0.0,51.0,26.7
Male,37.0,Yes,Yes,,No,No,No,No,99.0,Irrelevant,Yes,23.0,0.0,41.3,2.0,9.0,0.0,51.0,26.7
Male,43.0,No,Irrelevant,,Irrelevant,Irrelevant,Irrelevant,Yes,Yes,No,No,17.0,0.0,41.3,2.0,9.0,0.0,51.0,26.7
Female,23.0,No,Irrelevant,,Irrelevant,Irrelevant,Irrelevant,No,99.0,Irrelevant,No,18.0,0.0,41.3,2.0,9.0,0.0,51.0,26.7
Male,42.0,No,Irrelevant,,Irrelevant,Irrelevant,Irrelevant,No,99.0,Irrelevant,Yes,25.0,0.0,41.3,2.0,9.0,0.0,51.0,26.7
Female,30.0,No,Irrelevant,,Irrelevant,Irrelevant,Irrelevant,No,99.0,Irrelevant,No,36.0,0.0,9.0,2.0,10.0,0.0,64.0,26.0
Male,25.0,Yes,Yes,,No,No,No,No,99.0,Irrelevant,Yes,21.0,0.0,9.0,2.0,10.0,0.0,64.0,26.0
Female,45.0,Yes,Yes,,No,Yes,Yes,No,99.0,Irrelevant,Yes,54.0,1.0,9.0,2.0,10.0,0.0,64.0,26.0
Female,25.0,No,Irrelevant,,Irrelevant,Irrelevant,Irrelevant,No,99.0,Irrelevant,Yes,63.0,0.0,15.0,2.0,10.0,0.0,65.0,16.4
Female,35.0,Yes,Yes,,No,No,No,No,99.0,Irrelevant,Yes,30.0,0.0,15.0,2.0,10.0,0.0,65.0,16.4
Male,25.0,No,Irrelevant,,Irrelevant,Irrelevant,Irrelevant,No,99.0,Irrelevant,Yes,12.0,0.0,15.0,2.0,10.0,0.0,65.0,16.4
Male,40.0,Yes,Yes,,No,No,No,No,99.0,Irrelevant,Yes,14.0,0.0,15.0,2.0,10.0,0.0,65.0,16.4
Female,20.0,No,Irrelevant,,Irrelevant,Irrelevant,Irrelevant,No,99.0,Irrelevant,No,30.0,0.0,15.0,2.0,10.0,0.0,65.0,16.4
Male,20.0,No,Irrelevant,,Irrelevant,Irrelevant,Irrelevant,No,99.0,Irrelevant,No,11.0,0.0,15.0,2.0,10.0,0.0,65.0,16.4
Female,43.0,Yes,Yes,,No,No,No,No,99.0,Irrelevant,No,31.0,0.0,23.8,2.0,9.0,0.0,52.0,17.9
Male,21.0,No,Irrelevant,,Irrelevant,Irrelevant,Irrelevant,Yes,Yes,No,No,16.0,0.0,23.8,2.0,9.0,0.0,52.0,17.9
Female,43.0,No,Irrelevant,,Irrelevant,Irrelevant,Irrelevant,Yes,Yes,No,Yes,29.0,0.0,23.8,2.0,9.0,0.0,52.0,17.9
Female,37.0,Yes,No,,Yes,No,No,Yes,No,No,No,18.0,0.0,23.8,2.0,9.0,0.0,52.0,17.9
Female,28.0,Yes,No,,Yes,No,No,No,99.0,Irrelevant,Yes,34.0,0.0,23.8,2.0,9.0,0.0,52.0,17.9
Female,19.0,Yes,Yes,,No,No,No,No,99.0,Irrelevant,Yes,27.0,0.0,23.8,2.0,9.0,0.0,52.0,17.9
Male,25.0,No,Irrelevant,,Irrelevant,Irrelevant,Irrelevant,No,99.0,Irrelevant,Yes,20.0,0.0,23.8,2.0,9.0,0.0,52.0,17.9
Male,22.0,No,Irrelevant,,Irrelevant,Irrelevant,Irrelevant,No,99.0,Irrelevant,Yes,25.0,0.0,23.8,2.0,9.0,0.0,52.0,17.9
Male,25.0,No,Irrelevant,,Irrelevant,Irrelevant,Irrelevant,No,99.0,Irrelevant,Yes,66.0,0.0,8.0,2.0,10.0,0.0,66.0,28.1
Male,30.0,No,Irrelevant,,Irrelevant,Irrelevant,Irrelevant,No,99.0,Irrelevant,No,22.0,0.0,2.0,2.0,10.0,0.0,67.0,15.3
Male,30.0,No,Irrelevant,,Irrelevant,Irrelevant,Irrelevant,No,99.0,Irrelevant,Yes,37.0,0.0,2.0,2.0,10.0,0.0,67.0,15.3
Female,45.0,Yes,No,,Yes,No,No,Yes,No,No,Yes,34.0,0.0,2.0,2.0,10.0,0.0,67.0,15.3
Female,24.0,Yes,Yes,,No,No,No,No,99.0,Irrelevant,Yes,40.0,0.0,7.0,2.0,10.0,0.0,68.0,17.9
Male,22.0,No,Irrelevant,,Irrelevant,Irrelevant,Irrelevant,No,99.0,Irrelevant,Yes,21.0,0.0,7.0,2.0,10.0,0.0,68.0,17.9
Male,22.0,No,Irrelevant,,Irrelevant,Irrelevant,Irrelevant,Yes,Yes,Yes,Yes,61.0,0.0,7.0,2.0,10.0,0.0,68.0,17.9
Female,21.0,No,Irrelevant,,Irrelevant,Irrelevant,Irrelevant,Yes,Yes,Yes,Yes,98.0,0.0,7.0,2.0,10.0,0.0,68.0,17.9
Male,27.0,No,Irrelevant,,Irrelevant,Irrelevant,Irrelevant,Yes,Yes,Yes,No,51.0,0.0,7.0,2.0,10.0,0.0,68.0,17.9
Female,53.0,Yes,No,,Yes,Yes,No,No,No,No,Yes,55.0,0.0,7.0,2.0,10.0,0.0,68.0,17.9
Female,31.0,No,Irrelevant,,Irrelevant,Irrelevant,Irrelevant,No,99.0,Irrelevant,No,13.0,0.0,1.0,2.0,10.0,0.0,69.0,24.8
Male,26.0,No,Irrelevant,,Irrelevant,Irrelevant,Irrelevant,No,99.0,Irrelevant,No,60.0,0.0,1.0,2.0,10.0,0.0,69.0,24.8
Female,34.0,Yes,Yes,,No,No,No,No,99.0,Irrelevant,Yes,12.0,0.0,1.0,2.0,10.0,0.0,69.0,24.8
Female,25.0,No,Irrelevant,,Irrelevant,Irrelevant,Irrelevant,No,99.0,Irrelevant,Yes,34.0,0.0,6.0,2.0,10.0,0.0,70.0,21.4
Female,45.0,No,Irrelevant,,Irrelevant,Irrelevant,Irrelevant,No,99.0,Irrelevant,Yes,25.0,0.0,6.0,2.0,10.0,0.0,70.0,21.4
Female,50.0,Yes,Yes,,No,Yes,No,No,99.0,Irrelevant,Yes,42.0,0.0,6.0,2.0,10.0,0.0,70.0,21.4
Female,35.0,No,Irrelevant,,Irrelevant,Irrelevant,Irrelevant,No,99.0,Irrelevant,Yes,22.0,0.0,10.0,2.0,10.0,0.0,71.0,24.3
Female,23.0,No,Irrelevant,,Irrelevant,Irrelevant,Irrelevant,No,99.0,Irrelevant,Yes,43.0,0.0,10.0,2.0,10.0,0.0,71.0,24.3
Male,24.0,Yes,Yes,,No,No,No,No,99.0,Irrelevant,Yes,29.0,0.0,10.0,2.0,10.0,0.0,71.0,24.3
Female,38.0,No,Irrelevant,,Irrelevant,Irrelevant,Irrelevant,Yes,No,No,Yes,41.0,0.0,10.0,2.0,10.0,0.0,72.0,24.3
Male,22.0,Yes,Yes,,No,Yes,No,No,99.0,Irrelevant,Yes,35.0,0.0,10.0,2.0,10.0,0.0,72.0,24.3
Female,24.0,No,Irrelevant,,Irrelevant,Irrelevant,Irrelevant,Yes,No,No,Yes,9.0,0.0,10.0,2.0,10.0,0.0,72.0,24.3
Male,50.0,Yes,Yes,,No,No,No,No,99.0,Irrelevant,Yes,8.0,0.0,14.0,2.0,10.0,0.0,73.0,28.1
Female,26.0,No,Irrelevant,,Irrelevant,Irrelevant,Irrelevant,No,99.0,Irrelevant,Yes,31.0,0.0,14.0,2.0,10.0,0.0,73.0,28.1
Male,23.0,Yes,Yes,,No,Yes,No,No,99.0,Irrelevant,Yes,36.0,1.0,14.0,2.0,10.0,0.0,73.0,28.1
Male,40.0,No,Irrelevant,,Irrelevant,Irrelevant,Irrelevant,No,99.0,Irrelevant,Yes,14.0,0.0,14.0,2.0,10.0,0.0,73.0,28.1
Male,24.0,Yes,No,,Yes,No,No,Yes,Yes,No,Yes,37.0,0.0,14.0,2.0,10.0,0.0,73.0,28.1
Female,26.0,No,Irrelevant,,Irrelevant,Irrelevant,Irrelevant,No,99.0,Irrelevant,Yes,23.0,0.0,14.0,2.0,10.0,0.0,73.0,28.1
Male,28.0,No,Irrelevant,,Irrelevant,Irrelevant,Irrelevant,No,99.0,Irrelevant,No,13.0,0.0,14.0,2.0,10.0,0.0,73.0,28.1
Male,26.0,No,Irrelevant,,Irrelevant,Irrelevant,Irrelevant,No,99.0,Irrelevant,Yes,27.0,0.0,14.0,2.0,10.0,0.0,73.0,28.1
Female,22.0,Yes,No,,Yes,No,No,Yes,Yes,Yes,Yes,112.0,0.0,15.0,2.0,10.0,0.0,74.0,32.3
Male,27.0,No,Irrelevant,,Irrelevant,Irrelevant,Irrelevant,Yes,No,No,Yes,34.0,0.0,15.0,2.0,10.0,0.0,74.0,32.3
Female,29.0,No,Irrelevant,,Irrelevant,Irrelevant,Irrelevant,No,99.0,Irrelevant,No,26.0,0.0,15.0,2.0,10.0,0.0,74.0,32.3
Male,26.0,No,Irrelevant,,Irrelevant,Irrelevant,Irrelevant,No,99.0,Irrelevant,Yes,68.0,0.0,4.0,2.0,10.0,0.0,75.0,22.6
Female,22.0,Yes,Yes,,No,Missing,Missing,Yes,No,No,Yes,12.0,0.0,4.0,2.0,10.0,0.0,75.0,22.6
Female,25.0,No,Irrelevant,,Irrelevant,Irrelevant,Irrelevant,Yes,No,No,No,13.0,0.0,4.0,2.0,10.0,0.0,75.0,22.6
Female,35.0,Yes,Yes,,No,No,No,No,99.0,Irrelevant,No,9.0,0.0,0.0,2.0,10.0,0.0,76.0,17.5
Male,28.0,Yes,Yes,,No,No,No,No,99.0,Irrelevant,Yes,22.0,0.0,2.0,2.0,10.0,0.0,77.0,22.6
Male,32.0,No,Irrelevant,,Irrelevant,Irrelevant,Irrelevant,No,99.0,Irrelevant,Yes,33.0,0.0,4.0,2.0,10.0,0.0,78.0,20.2
Male,29.0,No,Irrelevant,,Irrelevant,Irrelevant,Irrelevant,No,99.0,Irrelevant,Yes,25.0,0.0,4.0,2.0,10.0,0.0,78.0,20.2
Male,38.0,Yes,No,,Yes,No,No,No,99.0,Irrelevant,Yes,44.0,0.0,4.0,2.0,10.0,0.0,78.0,20.2
Male,27.0,No,Irrelevant,Irrelevant,Irrelevant,Irrelevant,Irrelevant,No,99.0,Irrelevant,No,21.0,0.0,21.5,1.0,14.0,0.0,1001.0,22.4
Female,34.0,No,Irrelevant,Irrelevant,Irrelevant,Irrelevant,Irrelevant,No,99.0,Irrelevant,No,31.0,0.0,21.5,1.0,14.0,0.0,1001.0,22.4
Female,32.0,Yes,No,Yes,No,Yes,No,No,99.0,Irrelevant,No,22.0,1.0,21.5,1.0,14.0,0.0,1001.0,22.4
Female,78.0,No,Irrelevant,Irrelevant,Irrelevant,Irrelevant,Irrelevant,No,99.0,Irrelevant,No,29.0,0.0,21.5,1.0,14.0,0.0,1001.0,22.4
Female,44.0,No,Irrelevant,Irrelevant,Irrelevant,Irrelevant,Irrelevant,No,99.0,Irrelevant,No,30.0,0.0,21.5,1.0,14.0,0.0,1001.0,22.4
Male,26.0,Yes,Yes,No,No,Yes,No,Yes,Yes,No,No,23.0,1.0,21.5,1.0,14.0,0.0,1001.0,22.4
Male,29.0,Yes,No,No,Yes,No,No,No,99.0,Irrelevant,No,37.0,0.0,21.5,1.0,14.0,0.0,1001.0,22.4
Male,38.0,Yes,Yes,No,No,No,No,No,99.0,Irrelevant,No,26.0,0.0,21.5,1.0,14.0,0.0,1001.0,22.4
Male,24.0,Yes,Yes,No,No,No,No,No,99.0,Irrelevant,No,17.0,0.0,3.5,1.0,14.0,0.0,1002.0,12.5
Female,22.0,No,Irrelevant,Irrelevant,Irrelevant,Irrelevant,Irrelevant,No,99.0,Irrelevant,No,18.0,0.0,3.5,1.0,14.0,0.0,1002.0,12.5
Male,44.0,No,Irrelevant,Irrelevant,Irrelevant,Irrelevant,Irrelevant,Yes,Yes,Yes,No,23.0,0.0,3.5,1.0,14.0,0.0,1002.0,12.5
Male,56.0,Yes,Yes,No,No,No,No,No,99.0,Irrelevant,No,16.0,0.0,3.5,1.0,14.0,0.0,1002.0,12.5
Female,31.0,Yes,Yes,No,No,No,No,No,99.0,Irrelevant,No,21.0,0.0,17.0,1.0,14.0,0.0,1004.0,22.0
Male,37.0,Yes,Yes,No,No,No,No,No,99.0,Irrelevant,No,26.0,0.0,17.0,1.0,14.0,0.0,1004.0,22.0
Female,67.0,Yes,Yes,No,No,No,No,No,99.0,Irrelevant,No,41.0,0.0,17.0,1.0,14.0,0.0,1004.0,22.0
Male,23.0,Yes,Yes,No,No,No,No,No,99.0,Irrelevant,Yes,24.0,0.0,17.0,1.0,14.0,0.0,1004.0,22.0
Male,58.0,No,Irrelevant,Irrelevant,Irrelevant,Irrelevant,Irrelevant,No,99.0,Irrelevant,No,23.0,0.0,17.0,1.0,14.0,0.0,1004.0,22.0
Female,54.0,No,Irrelevant,Irrelevant,Irrelevant,Irrelevant,Irrelevant,No,99.0,Irrelevant,Yes,30.0,0.0,17.0,1.0,14.0,0.0,1004.0,22.0
Female,29.0,No,Irrelevant,Irrelevant,Irrelevant,Irrelevant,Irrelevant,No,99.0,Irrelevant,Yes,23.0,0.0,17.0,1.0,14.0,0.0,1004.0,22.0
Female,36.0,No,Irrelevant,Irrelevant,Irrelevant,Irrelevant,Irrelevant,No,99.0,Irrelevant,Yes,31.0,0.0,17.0,1.0,14.0,0.0,1004.0,22.0
Female,26.0,Yes,Yes,No,No,No,No,No,99.0,Irrelevant,No,22.0,0.0,17.0,1.0,14.0,0.0,1004.0,22.0
Female,21.0,No,Irrelevant,Irrelevant,Irrelevant,Irrelevant,Irrelevant,No,99.0,Irrelevant,No,29.0,0.0,17.0,1.0,14.0,0.0,1004.0,22.0
Female,35.0,No,Irrelevant,Irrelevant,Irrelevant,Irrelevant,Irrelevant,No,99.0,Irrelevant,No,18.0,0.0,9.0,1.0,14.0,0.0,1011.0,21.7
Male,52.0,No,Irrelevant,Irrelevant,Irrelevant,Irrelevant,Irrelevant,No,99.0,Irrelevant,No,27.0,0.0,9.0,1.0,14.0,0.0,1011.0,21.7
Male,48.0,No,Irrelevant,Irrelevant,Irrelevant,Irrelevant,Irrelevant,No,99.0,Irrelevant,No,21.0,0.0,9.0,1.0,14.0,0.0,1011.0,21.7
Female,24.0,Yes,Yes,No,No,No,No,No,99.0,Irrelevant,No,12.0,0.0,9.0,1.0,14.0,0.0,1011.0,21.7
Male,31.0,No,Irrelevant,Irrelevant,Irrelevant,Irrelevant,Irrelevant,No,99.0,Irrelevant,Yes,25.0,0.0,9.0,1.0,14.0,0.0,1011.0,21.7
Male,44.0,No,Irrelevant,Irrelevant,Irrelevant,Irrelevant,Irrelevant,Yes,Yes,Yes,No,16.0,0.0,9.0,1.0,14.0,0.0,1011.0,21.7
Male,19.0,Yes,No,Yes,No,No,No,No,99.0,Irrelevant,Yes,15.0,0.0,9.0,1.0,14.0,0.0,1011.0,21.7
Male,27.0,Yes,Yes,No,No,No,No,No,99.0,Irrelevant,No,19.0,0.0,9.0,1.0,14.0,0.0,1011.0,21.7
Female,36.0,Yes,Yes,No,No,No,No,No,99.0,Irrelevant,No,14.0,0.0,9.0,1.0,14.0,0.0,1011.0,21.7
Female,68.0,Yes,Yes,No,No,Yes,No,Yes,Yes,No,No,22.0,0.0,9.0,1.0,14.0,0.0,1011.0,21.7
Female,18.0,No,Irrelevant,Irrelevant,Irrelevant,Irrelevant,Irrelevant,No,99.0,Irrelevant,Yes,19.0,0.0,9.0,1.0,14.0,0.0,1011.0,21.7
Female,22.0,No,Irrelevant,Irrelevant,Irrelevant,Irrelevant,Irrelevant,Yes,Yes,No,No,18.0,0.0,9.0,1.0,14.0,0.0,1011.0,21.7
Female,47.0,Yes,Yes,No,No,No,No,Yes,Yes,Yes,No,25.0,0.0,9.0,1.0,14.0,0.0,1011.0,21.7
Female,29.0,Yes,Yes,No,No,No,No,No,99.0,Irrelevant,No,19.0,0.0,9.0,1.0,14.0,0.0,1011.0,21.7
Female,46.0,Yes,Yes,No,No,No,No,No,99.0,Irrelevant,No,22.0,0.0,4.0,1.0,14.0,0.0,1013.0,20.7
Female,61.0,Yes,Yes,No,No,No,No,No,99.0,Irrelevant,No,26.0,0.0,4.0,1.0,14.0,0.0,1013.0,20.7
Female,44.0,Yes,Yes,No,No,No,No,No,99.0,Irrelevant,No,19.0,0.0,4.0,1.0,14.0,0.0,1013.0,20.7
Male,57.0,No,Irrelevant,Irrelevant,Irrelevant,Irrelevant,Irrelevant,No,99.0,Irrelevant,No,48.0,0.0,4.0,1.0,14.0,0.0,1013.0,20.7
Male,32.0,No,Irrelevant,Irrelevant,Irrelevant,Irrelevant,Irrelevant,Yes,Yes,Yes,No,22.0,0.0,4.0,1.0,14.0,0.0,1013.0,20.7
Male,34.0,No,Irrelevant,Irrelevant,Irrelevant,Irrelevant,Irrelevant,No,99.0,Irrelevant,Yes,20.0,0.0,4.0,1.0,14.0,0.0,1013.0,20.7
Male,52.0,Yes,Yes,No,No,No,No,No,99.0,Irrelevant,No,22.0,0.0,4.0,1.0,14.0,0.0,1013.0,20.7
Female,39.0,No,Irrelevant,Irrelevant,Irrelevant,Irrelevant,Irrelevant,Yes,Yes,No,No,17.0,0.0,4.0,1.0,14.0,0.0,1013.0,20.7
Male,28.0,No,Irrelevant,Irrelevant,Irrelevant,Irrelevant,Irrelevant,No,99.0,Irrelevant,No,24.0,0.0,4.0,1.0,14.0,0.0,1013.0,20.7
Female,37.0,Yes,No,No,Yes,Yes,No,Yes,Yes,No,Yes,26.0,0.0,4.0,1.0,14.0,0.0,1013.0,20.7
Male,25.0,Yes,Yes,No,No,No,No,No,99.0,Irrelevant,Yes,19.0,0.0,7.0,1.0,14.0,0.0,1016.0,14.5
Female,35.0,Yes,Yes,No,No,No,No,No,99.0,Irrelevant,No,20.0,0.0,7.0,1.0,14.0,0.0,1016.0,14.5
Male,32.0,No,Irrelevant,Irrelevant,Irrelevant,Irrelevant,Irrelevant,No,99.0,Irrelevant,Yes,17.0,0.0,7.0,1.0,14.0,0.0,1016.0,14.5
Male,74.0,No,Irrelevant,Irrelevant,Irrelevant,Irrelevant,Irrelevant,No,99.0,Irrelevant,No,22.0,0.0,7.0,1.0,14.0,0.0,1016.0,14.5
Male,17.0,No,Irrelevant,Irrelevant,Irrelevant,Irrelevant,Irrelevant,Yes,Yes,Yes,No,20.0,0.0,7.0,1.0,14.0,0.0,1016.0,14.5
Male,26.0,Yes,Yes,No,No,No,No,No,99.0,Irrelevant,No,12.0,0.0,7.0,1.0,14.0,0.0,1016.0,14.5
Female,27.0,Yes,No,No,Yes,No,No,No,99.0,Irrelevant,Yes,23.0,0.0,8.5,1.0,14.0,0.0,1018.0,15.0
Male,38.0,No,Irrelevant,Irrelevant,Irrelevant,Irrelevant,Irrelevant,No,99.0,Irrelevant,No,13.0,0.0,8.5,1.0,14.0,0.0,1018.0,15.0
Female,49.0,No,Irrelevant,Irrelevant,Irrelevant,Irrelevant,Irrelevant,No,99.0,Irrelevant,No,22.0,0.0,7.0,1.0,14.0,0.0,1025.0,15.1
Male,42.0,No,Irrelevant,Irrelevant,Irrelevant,Irrelevant,Irrelevant,No,99.0,Irrelevant,No,18.0,0.0,7.0,1.0,14.0,0.0,1025.0,15.1
Male,28.0,Yes,Yes,No,No,No,No,No,99.0,Irrelevant,No,13.0,0.0,7.0,1.0,14.0,0.0,1025.0,15.1
Male,63.0,No,Irrelevant,Irrelevant,Irrelevant,Irrelevant,Irrelevant,No,99.0,Irrelevant,No,17.0,0.0,7.0,1.0,14.0,0.0,1025.0,15.1
Male,28.0,Yes,Yes,No,No,No,No,No,99.0,Irrelevant,Yes,27.0,0.0,7.0,1.0,14.0,0.0,1025.0,15.1
Female,57.0,No,Irrelevant,Irrelevant,Irrelevant,Irrelevant,Irrelevant,No,99.0,Irrelevant,Yes,31.0,0.0,7.0,1.0,14.0,0.0,1025.0,15.1
Male,26.0,Yes,No,No,Yes,No,No,No,99.0,Irrelevant,Yes,22.0,0.0,7.0,1.0,14.0,0.0,1025.0,15.1
Female,38.0,Yes,Yes,No,No,No,No,No,99.0,Irrelevant,No,30.0,0.0,7.0,1.0,14.0,0.0,1025.0,15.1
Male,46.0,No,Irrelevant,Irrelevant,Irrelevant,Irrelevant,Irrelevant,No,99.0,Irrelevant,No,24.0,0.0,4.5,1.0,14.0,0.0,1026.0,20.7
Female,43.0,No,Irrelevant,Irrelevant,Irrelevant,Irrelevant,Irrelevant,No,99.0,Irrelevant,Yes,27.0,0.0,4.5,1.0,14.0,0.0,1026.0,20.7
Female,85.0,Yes,Yes,No,No,No,No,No,99.0,Irrelevant,No,10.0,0.0,4.5,1.0,14.0,0.0,1026.0,20.7
Male,27.0,Yes,Yes,No,No,No,No,No,99.0,Irrelevant,No,21.0,0.0,4.5,1.0,14.0,0.0,1026.0,20.7
Female,31.0,No,Irrelevant,Irrelevant,Irrelevant,Irrelevant,Irrelevant,No,99.0,Irrelevant,No,27.0,0.0,4.5,1.0,14.0,0.0,1026.0,20.7
Male,19.0,Yes,Yes,No,No,No,No,No,99.0,Irrelevant,No,18.0,0.0,4.5,1.0,14.0,0.0,1026.0,20.7
Female,45.0,No,Irrelevant,Irrelevant,Irrelevant,Irrelevant,Irrelevant,No,99.0,Irrelevant,Yes,29.0,0.0,8.0,1.0,14.0,0.0,1028.0,13.9
Male,23.0,Yes,Yes,No,No,Yes,No,No,99.0,Irrelevant,No,10.0,0.0,8.0,1.0,14.0,0.0,1028.0,13.9
Male,26.0,No,Irrelevant,Irrelevant,Irrelevant,Irrelevant,Irrelevant,No,99.0,Irrelevant,No,18.0,0.0,8.0,1.0,14.0,0.0,1028.0,13.9
Female,39.0,Yes,Yes,No,No,No,No,No,99.0,Irrelevant,Yes,23.0,0.0,8.0,1.0,14.0,0.0,1028.0,13.9
Female,17.0,No,Irrelevant,Irrelevant,Irrelevant,Irrelevant,Irrelevant,No,99.0,Irrelevant,No,18.0,0.0,8.0,1.0,14.0,0.0,1028.0,13.9
Female,57.0,Yes,Yes,No,No,Yes,No,No,99.0,Irrelevant,Yes,22.0,1.0,8.0,1.0,14.0,0.0,1028.0,13.9
Female,44.0,No,Irrelevant,Irrelevant,Irrelevant,Irrelevant,Irrelevant,Yes,Yes,Yes,Yes,23.0,0.0,7.0,1.0,14.0,0.0,1029.0,21.7
Female,37.0,Yes,Yes,No,No,No,No,Yes,No,Irrelevant,No,32.0,0.0,7.0,1.0,14.0,0.0,1029.0,21.7
Female,45.0,Yes,Yes,No,No,No,No,No,99.0,Irrelevant,No,33.0,0.0,7.0,1.0,14.0,0.0,1029.0,21.7
Female,56.0,Yes,Yes,No,No,No,No,No,99.0,No,No,22.0,0.0,7.0,1.0,14.0,0.0,1029.0,21.7
Female,17.0,No,Irrelevant,Irrelevant,Irrelevant,Irrelevant,Irrelevant,Yes,Yes,Yes,No,29.0,0.0,7.0,1.0,14.0,0.0,1029.0,21.7
Male,66.0,Yes,Yes,No,No,No,No,No,99.0,Irrelevant,No,25.0,0.0,7.0,1.0,14.0,0.0,1029.0,21.7
Female,63.0,No,Irrelevant,Irrelevant,Irrelevant,Irrelevant,Irrelevant,No,99.0,Irrelevant,Yes,23.0,0.0,7.0,1.0,14.0,0.0,1029.0,21.7
Female,34.0,No,Irrelevant,Irrelevant,Irrelevant,Irrelevant,Irrelevant,No,99.0,Irrelevant,No,24.0,0.0,7.0,1.0,14.0,0.0,1029.0,21.7
Female,23.0,Yes,Yes,No,No,No,No,No,99.0,Irrelevant,No,22.0,0.0,7.0,1.0,14.0,0.0,1029.0,21.7
Male,59.0,No,Irrelevant,Irrelevant,Irrelevant,Irrelevant,Irrelevant,No,99.0,Irrelevant,No,21.0,0.0,7.0,1.0,14.0,0.0,1029.0,21.7
Male,65.0,No,Irrelevant,Irrelevant,Irrelevant,Irrelevant,Irrelevant,No,99.0,Irrelevant,No,28.0,0.0,7.0,1.0,14.0,0.0,1029.0,21.7
Male,52.0,Yes,Yes,No,No,No,No,No,99.0,Irrelevant,No,25.0,0.0,7.0,1.0,14.0,0.0,1029.0,21.7
Female,38.0,No,Irrelevant,Irrelevant,Irrelevant,Irrelevant,Irrelevant,No,99.0,Irrelevant,Yes,31.0,0.0,7.0,1.0,14.0,0.0,1029.0,21.7
Female,72.0,Yes,Yes,No,No,No,No,No,99.0,Irrelevant,Yes,82.0,0.0,7.0,1.0,14.0,0.0,1029.0,21.7
Male,39.0,Yes,Yes,No,No,No,No,No,99.0,Irrelevant,Yes,36.0,0.0,8.0,1.0,14.0,0.0,1030.0,15.1
Male,58.0,No,Irrelevant,Irrelevant,Irrelevant,Irrelevant,Irrelevant,No,99.0,Irrelevant,No,20.0,0.0,8.0,1.0,14.0,0.0,1030.0,15.1
Male,29.0,No,Irrelevant,Irrelevant,Irrelevant,Irrelevant,Irrelevant,No,99.0,Irrelevant,No,12.0,0.0,1.0,1.0,14.0,0.0,1031.0,12.8
Male,28.0,No,Irrelevant,Irrelevant,Irrelevant,Irrelevant,Irrelevant,No,99.0,Irrelevant,No,15.0,0.0,1.0,1.0,14.0,0.0,1031.0,12.8
Male,24.0,No,Irrelevant,Irrelevant,Irrelevant,Irrelevant,Irrelevant,No,99.0,Irrelevant,Yes,16.0,0.0,1.0,1.0,14.0,0.0,1031.0,12.8
Female,33.0,Yes,Yes,No,No,No,No,No,99.0,Irrelevant,No,21.0,0.0,1.0,1.0,14.0,0.0,1031.0,12.8
Female,26.0,Yes,Yes,No,No,No,No,No,99.0,Irrelevant,No,15.0,0.0,1.0,1.0,14.0,0.0,1031.0,12.8
Female,34.0,Yes,Yes,No,No,No,No,No,99.0,Irrelevant,No,16.0,0.0,1.0,1.0,14.0,0.0,1031.0,12.8
Male,64.0,No,Irrelevant,Irrelevant,Irrelevant,Irrelevant,Irrelevant,No,99.0,Irrelevant,No,19.0,0.0,4.5,1.0,14.0,0.0,1033.0,13.9
Female,24.0,No,Irrelevant,Irrelevant,Irrelevant,Irrelevant,Irrelevant,No,99.0,Irrelevant,No,21.0,0.0,4.5,1.0,14.0,0.0,1033.0,13.9
Female,37.0,Yes,Yes,No,No,No,No,No,99.0,Irrelevant,Yes,25.0,0.0,4.5,1.0,14.0,0.0,1033.0,13.9
Male,43.0,Yes,Yes,No,No,Yes,No,No,99.0,Irrelevant,Yes,16.0,0.0,4.5,1.0,14.0,0.0,1033.0,13.9
Female,31.0,No,Irrelevant,Irrelevant,Irrelevant,Irrelevant,Irrelevant,Yes,Yes,Yes,No,16.0,0.0,5.5,1.0,14.0,0.0,1035.0,12.5
Female,47.0,Yes,Yes,No,No,No,No,No,99.0,Irrelevant,No,17.0,0.0,5.5,1.0,14.0,0.0,1035.0,12.5
Female,22.0,No,Irrelevant,Irrelevant,Irrelevant,Irrelevant,Irrelevant,No,99.0,Irrelevant,No,23.0,0.0,5.5,1.0,14.0,0.0,1035.0,12.5
Male,28.0,Yes,Yes,No,No,No,No,No,99.0,Irrelevant,Yes,22.0,0.0,5.5,1.0,14.0,0.0,1035.0,12.5
Male,33.0,No,Irrelevant,Irrelevant,Irrelevant,Irrelevant,Irrelevant,No,99.0,Irrelevant,No,30.0,0.0,17.0,1.0,14.0,0.0,1037.0,22.0
Female,32.0,Yes,Yes,No,No,No,No,No,99.0,Irrelevant,No,52.0,0.0,17.0,1.0,14.0,0.0,1037.0,22.0
Female,65.0,Yes,Yes,No,No,No,No,No,99.0,Irrelevant,Yes,34.0,0.0,17.0,1.0,14.0,0.0,1037.0,22.0
Male,64.0,Yes,Yes,No,No,No,No,No,99.0,Irrelevant,Yes,32.0,0.0,17.0,1.0,14.0,0.0,1037.0,22.0
Female,21.0,No,Irrelevant,Irrelevant,Irrelevant,Irrelevant,Irrelevant,No,99.0,Irrelevant,No,25.0,0.0,17.0,1.0,14.0,0.0,1037.0,22.0
Female,29.0,Yes,Yes,No,No,No,No,No,99.0,Irrelevant,Yes,29.0,0.0,17.0,1.0,14.0,0.0,1037.0,22.0
Female,36.0,No,Irrelevant,Irrelevant,Irrelevant,Irrelevant,Irrelevant,No,99.0,Irrelevant,Yes,21.0,0.0,17.0,1.0,14.0,0.0,1037.0,22.0
Female,33.0,No,Irrelevant,Irrelevant,Irrelevant,Irrelevant,Irrelevant,No,99.0,Irrelevant,No,23.0,0.0,17.0,1.0,14.0,0.0,1037.0,22.0
Male,31.0,No,Irrelevant,Irrelevant,Irrelevant,Irrelevant,Irrelevant,No,99.0,Irrelevant,No,22.0,0.0,17.0,1.0,14.0,0.0,1037.0,22.0
Female,25.0,No,Irrelevant,Irrelevant,Irrelevant,Irrelevant,Irrelevant,No,99.0,Irrelevant,No,27.0,0.0,17.0,1.0,14.0,0.0,1037.0,22.0
Male,32.0,Yes,No,No,Yes,No,No,No,99.0,Irrelevant,No,30.0,0.0,17.0,1.0,14.0,0.0,1037.0,22.0
Male,24.0,Yes,Yes,No,No,No,No,No,99.0,Irrelevant,No,23.0,0.0,17.0,1.0,14.0,0.0,1037.0,22.0
Female,58.0,No,Irrelevant,Irrelevant,Irrelevant,Irrelevant,Irrelevant,No,99.0,Irrelevant,No,22.0,0.0,17.0,1.0,14.0,0.0,1037.0,22.0
Female,38.0,Yes,Yes,No,No,No,No,No,99.0,Irrelevant,No,32.0,0.0,17.0,1.0,14.0,0.0,1037.0,22.0
Female,34.0,Yes,No,No,Yes,No,No,Yes,No,Irrelevant,No,27.0,0.0,10.0,1.0,14.0,0.0,1040.0,15.1
Female,26.0,No,Irrelevant,Irrelevant,Irrelevant,Irrelevant,Irrelevant,No,99.0,Irrelevant,Yes,32.0,0.0,10.0,1.0,14.0,0.0,1040.0,15.1
Male,56.0,No,Irrelevant,Irrelevant,Irrelevant,Irrelevant,Irrelevant,No,99.0,Irrelevant,No,10.0,0.0,10.0,1.0,14.0,0.0,1040.0,15.1
Male,48.0,Yes,Yes,No,No,No,No,No,99.0,Irrelevant,No,14.0,0.0,10.0,1.0,14.0,0.0,1040.0,15.1
Male,27.0,Yes,No,Yes,No,No,No,No,99.0,Irrelevant,Yes,31.0,0.0,10.0,1.0,14.0,0.0,1040.0,15.1
Male,69.0,No,Irrelevant,Irrelevant,Irrelevant,Irrelevant,Irrelevant,No,99.0,Irrelevant,No,22.0,0.0,10.0,1.0,14.0,0.0,1040.0,15.1
Male,25.0,No,Irrelevant,Irrelevant,Irrelevant,Irrelevant,Irrelevant,No,99.0,Irrelevant,No,20.0,0.0,10.0,1.0,14.0,0.0,1040.0,15.1
Male,28.0,Yes,Yes,No,No,No,No,No,99.0,Irrelevant,No,18.0,0.0,10.0,1.0,14.0,0.0,1040.0,15.1
Male,24.0,Yes,Yes,No,No,No,No,No,99.0,Irrelevant,Yes,18.0,0.0,4.0,1.0,14.0,0.0,1042.0,14.5
Female,27.0,No,Irrelevant,Irrelevant,Irrelevant,Irrelevant,Irrelevant,No,99.0,Irrelevant,No,20.0,0.0,4.0,1.0,14.0,0.0,1042.0,14.5
Female,24.0,No,Irrelevant,Irrelevant,Irrelevant,Irrelevant,Irrelevant,No,99.0,Irrelevant,No,31.0,0.0,18.5,1.0,14.0,0.0,1045.0,22.4
Female,66.0,No,Irrelevant,Irrelevant,Irrelevant,Irrelevant,Irrelevant,No,99.0,Irrelevant,Yes,34.0,0.0,18.5,1.0,14.0,0.0,1045.0,22.4
Male,55.0,No,Irrelevant,Irrelevant,Irrelevant,Irrelevant,Irrelevant,No,99.0,Irrelevant,No,23.0,0.0,18.5,1.0,14.0,0.0,1045.0,22.4
Female,27.0,Yes,Yes,No,No,Yes,No,No,99.0,Irrelevant,No,19.0,0.0,18.5,1.0,14.0,0.0,1045.0,22.4
Male,38.0,No,Irrelevant,Irrelevant,Irrelevant,Irrelevant,Irrelevant,No,99.0,Irrelevant,Yes,29.0,0.0,18.5,1.0,14.0,0.0,1045.0,22.4
Female,43.0,No,Irrelevant,Irrelevant,Irrelevant,Irrelevant,Irrelevant,Yes,Yes,No,No,28.0,0.0,18.5,1.0,14.0,0.0,1045.0,22.4
Female,41.0,Yes,Yes,No,No,Yes,No,No,99.0,Irrelevant,Yes,26.0,0.0,18.5,1.0,14.0,0.0,1045.0,22.4
Male,68.0,No,Irrelevant,Irrelevant,Irrelevant,Irrelevant,Irrelevant,No,99.0,Irrelevant,No,30.0,0.0,18.5,1.0,14.0,0.0,1045.0,22.4
Female,42.0,Yes,No,No,Yes,No,No,No,99.0,Irrelevant,No,38.0,0.0,18.5,1.0,14.0,0.0,1045.0,22.4
Female,68.0,Yes,Yes,No,No,No,No,No,99.0,Irrelevant,No,29.0,0.0,18.5,1.0,14.0,0.0,1045.0,22.4
Female,38.0,Yes,Yes,No,No,No,No,No,99.0,Irrelevant,Yes,24.0,0.0,18.5,1.0,14.0,0.0,1045.0,22.4
Male,33.0,Yes,Yes,No,No,No,No,No,99.0,Irrelevant,No,18.0,0.0,18.5,1.0,14.0,0.0,1045.0,22.4
Female,47.0,No,Irrelevant,Irrelevant,Irrelevant,Irrelevant,Irrelevant,No,99.0,Irrelevant,No,19.0,0.0,18.5,1.0,14.0,0.0,1045.0,22.4
Male,55.0,Yes,Yes,No,No,No,No,No,99.0,Irrelevant,No,31.0,0.0,18.5,1.0,14.0,0.0,1045.0,22.4
Male,32.0,No,Irrelevant,Irrelevant,Irrelevant,Irrelevant,Irrelevant,No,99.0,Irrelevant,No,15.0,0.0,15.5,1.0,14.0,0.0,1046.0,21.8
Female,28.0,Yes,Yes,No,No,No,No,No,99.0,Irrelevant,No,27.0,0.0,15.5,1.0,14.0,0.0,1046.0,21.8
Female,23.0,No,Irrelevant,Irrelevant,Irrelevant,Irrelevant,Irrelevant,No,99.0,Irrelevant,No,23.0,0.0,15.5,1.0,14.0,0.0,1046.0,21.8
Male,42.0,Yes,Yes,No,No,No,No,Yes,Yes,Yes,No,16.0,0.0,15.5,1.0,14.0,0.0,1046.0,21.8
Female,53.0,No,Irrelevant,Irrelevant,Irrelevant,Irrelevant,Irrelevant,No,99.0,Irrelevant,Yes,41.0,0.0,15.5,1.0,14.0,0.0,1046.0,21.8
Female,46.0,Yes,No,No,Yes,No,No,No,99.0,Irrelevant,No,21.0,0.0,15.5,1.0,14.0,0.0,1046.0,21.8
Male,29.0,No,Irrelevant,Irrelevant,Irrelevant,Irrelevant,Irrelevant,No,99.0,Irrelevant,No,25.0,0.0,15.5,1.0,14.0,0.0,1046.0,21.8
Female,31.0,Yes,Yes,No,No,Yes,No,No,99.0,Irrelevant,Yes,27.0,0.0,15.5,1.0,14.0,0.0,1046.0,21.8
Male,29.0,No,Irrelevant,Irrelevant,Irrelevant,Irrelevant,Irrelevant,No,99.0,Irrelevant,Yes,34.0,0.0,15.5,1.0,14.0,0.0,1046.0,21.8
Female,26.0,No,Irrelevant,Irrelevant,Irrelevant,Irrelevant,Irrelevant,No,99.0,Irrelevant,No,21.0,0.0,15.5,1.0,14.0,0.0,1046.0,21.8
Female,49.0,Yes,No,No,Yes,No,No,No,99.0,Irrelevant,No,25.0,0.0,15.5,1.0,14.0,0.0,1046.0,21.8
Female,27.0,Yes,Yes,No,No,No,No,No,99.0,Irrelevant,No,24.0,0.0,15.5,1.0,14.0,0.0,1046.0,21.8
Male,28.0,No,Irrelevant,Irrelevant,Irrelevant,Irrelevant,Irrelevant,No,99.0,Irrelevant,No,15.0,0.0,11.0,1.0,14.0,0.0,1048.0,21.8
Female,43.0,Yes,Yes,No,No,No,No,No,99.0,Irrelevant,No,29.0,0.0,11.0,1.0,14.0,0.0,1048.0,21.8
Female,26.0,No,Irrelevant,Irrelevant,Irrelevant,Irrelevant,Irrelevant,No,99.0,Irrelevant,No,21.0,0.0,11.0,1.0,14.0,0.0,1048.0,21.8
Female,67.0,No,Irrelevant,Irrelevant,Irrelevant,Irrelevant,Irrelevant,No,99.0,Irrelevant,Yes,31.0,0.0,11.0,1.0,14.0,0.0,1048.0,21.8
Female,22.0,Yes,Yes,No,No,No,No,No,99.0,Irrelevant,No,19.0,0.0,11.0,1.0,14.0,0.0,1048.0,21.8
Female,23.0,Yes,Yes,No,No,No,No,No,99.0,Irrelevant,No,24.0,0.0,11.0,1.0,14.0,0.0,1048.0,21.8
Male,37.0,Yes,Yes,No,No,No,No,No,99.0,Irrelevant,No,19.0,0.0,11.0,1.0,14.0,0.0,1048.0,21.8
Male,32.0,No,Irrelevant,Irrelevant,Irrelevant,Irrelevant,Irrelevant,No,99.0,Irrelevant,Yes,24.0,0.0,11.0,1.0,14.0,0.0,1048.0,21.8
Male,35.0,No,Irrelevant,Irrelevant,Irrelevant,Irrelevant,Irrelevant,No,99.0,Irrelevant,No,25.0,0.0,11.0,1.0,14.0,0.0,1048.0,21.8
Female,24.0,Yes,Yes,No,No,No,No,No,99.0,Irrelevant,No,29.0,0.0,11.0,1.0,14.0,0.0,1048.0,21.8
Male,30.0,Yes,Yes,No,No,No,No,No,99.0,Irrelevant,No,22.0,0.0,8.5,1.0,14.0,0.0,2001.0,16.2
Female,25.0,Yes,Yes,No,No,No,No,No,99.0,Irrelevant,No,20.0,0.0,8.5,1.0,14.0,0.0,2001.0,16.2
Female,20.0,No,Irrelevant,Irrelevant,Irrelevant,Irrelevant,Irrelevant,No,99.0,Irrelevant,No,23.0,0.0,8.5,1.0,14.0,0.0,2001.0,16.2
Male,26.0,No,Irrelevant,Irrelevant,Irrelevant,Irrelevant,Irrelevant,No,99.0,Irrelevant,No,16.0,0.0,8.5,1.0,14.0,0.0,2001.0,16.2
Female,63.0,No,Irrelevant,Irrelevant,Irrelevant,Irrelevant,Irrelevant,Yes,Yes,No,Yes,32.0,0.0,8.5,1.0,14.0,0.0,2001.0,16.2
Female,36.0,Yes,Yes,No,No,No,No,No,99.0,Irrelevant,No,23.0,0.0,8.5,1.0,14.0,0.0,2001.0,16.2
Female,24.0,Yes,Yes,No,No,No,No,No,99.0,Irrelevant,Yes,22.0,0.0,8.5,1.0,14.0,0.0,2001.0,16.2
Female,30.0,No,Irrelevant,Irrelevant,Irrelevant,Irrelevant,Irrelevant,No,99.0,Irrelevant,Yes,33.0,0.0,14.5,1.0,14.0,0.0,2002.0,24.6
Female,43.0,No,Irrelevant,Irrelevant,Irrelevant,Irrelevant,Irrelevant,Yes,Yes,Yes,No,27.0,0.0,14.5,1.0,14.0,0.0,2002.0,24.6
Female,35.0,No,Irrelevant,Irrelevant,Irrelevant,Irrelevant,Irrelevant,No,99.0,Irrelevant,Yes,33.0,0.0,14.5,1.0,14.0,0.0,2002.0,24.6
Male,53.0,No,Irrelevant,Irrelevant,Irrelevant,Irrelevant,Irrelevant,No,99.0,Irrelevant,No,24.0,0.0,14.5,1.0,14.0,0.0,2002.0,24.6
Male,46.0,No,Irrelevant,Irrelevant,Irrelevant,Irrelevant,Irrelevant,No,99.0,Irrelevant,No,28.0,0.0,14.5,1.0,14.0,0.0,2002.0,24.6
Female,38.0,Yes,Yes,No,No,No,No,No,99.0,Irrelevant,Yes,40.0,0.0,14.5,1.0,14.0,0.0,2002.0,24.6
Male,26.0,Yes,No,No,Yes,No,No,No,99.0,Irrelevant,Yes,27.0,0.0,14.5,1.0,14.0,0.0,2002.0,24.6
Female,47.0,Yes,Yes,No,No,No,No,No,99.0,Irrelevant,Yes,30.0,0.0,14.5,1.0,14.0,0.0,2002.0,24.6
Female,26.0,Yes,Yes,No,No,No,No,No,99.0,Irrelevant,No,23.0,0.0,17.0,1.0,14.0,0.0,2003.0,16.9
Male,66.0,No,Irrelevant,Irrelevant,Irrelevant,Irrelevant,Irrelevant,No,99.0,Irrelevant,No,22.0,0.0,17.0,1.0,14.0,0.0,2003.0,16.9
Female,35.0,No,Irrelevant,Irrelevant,Irrelevant,Irrelevant,Irrelevant,No,99.0,Irrelevant,Yes,26.0,0.0,17.0,1.0,14.0,0.0,2003.0,16.9
Female,54.0,Yes,No,No,Yes,No,No,No,99.0,Irrelevant,No,21.0,0.0,17.0,1.0,14.0,0.0,2003.0,16.9
Male,26.0,No,Irrelevant,Irrelevant,Irrelevant,Irrelevant,Irrelevant,No,99.0,Irrelevant,Yes,18.0,0.0,17.0,1.0,14.0,0.0,2003.0,16.9
Male,76.0,Yes,No,Yes,No,No,No,No,99.0,Irrelevant,No,25.0,0.0,17.0,1.0,14.0,0.0,2003.0,16.9
Female,45.0,No,Irrelevant,Irrelevant,Irrelevant,Irrelevant,Irrelevant,No,99.0,Irrelevant,No,26.0,0.0,17.0,1.0,14.0,0.0,2003.0,16.9
Male,47.0,Yes,Yes,No,No,No,No,No,99.0,Irrelevant,No,20.0,0.0,17.0,1.0,14.0,0.0,2003.0,16.9
Female,52.0,Yes,Yes,No,No,No,No,No,99.0,Irrelevant,No,24.0,0.0,17.0,1.0,14.0,0.0,2003.0,16.9
Male,30.0,No,Irrelevant,Irrelevant,Irrelevant,Irrelevant,Irrelevant,No,99.0,Irrelevant,No,24.0,0.0,17.0,1.0,14.0,0.0,2003.0,16.9
Female,26.0,Yes,No,No,Yes,No,No,No,99.0,Irrelevant,No,23.0,0.0,17.0,1.0,14.0,0.0,2003.0,16.9
Female,56.0,Yes,Yes,No,No,No,No,No,99.0,Irrelevant,No,22.0,0.0,5.0,1.0,14.0,0.0,2009.0,21.3
Female,34.0,No,Irrelevant,Irrelevant,Irrelevant,Irrelevant,Irrelevant,Yes,No,Irrelevant,No,24.0,0.0,5.0,1.0,14.0,0.0,2009.0,21.3
Female,70.0,Yes,Yes,No,No,No,No,No,99.0,Irrelevant,No,29.0,0.0,5.0,1.0,14.0,0.0,2009.0,21.3
Female,36.0,No,Irrelevant,Irrelevant,Irrelevant,Irrelevant,Irrelevant,No,99.0,Irrelevant,No,24.0,0.0,5.0,1.0,14.0,0.0,2009.0,21.3
Female,34.0,No,Irrelevant,Irrelevant,Irrelevant,Irrelevant,Irrelevant,No,99.0,Irrelevant,No,24.0,0.0,11.5,1.0,14.0,0.0,2010.0,16.0
Female,73.0,Yes,Yes,No,No,No,No,No,99.0,Irrelevant,No,9.0,0.0,11.5,1.0,14.0,0.0,2010.0,16.0
Female,28.0,No,Irrelevant,Irrelevant,Irrelevant,Irrelevant,Irrelevant,No,99.0,Irrelevant,Yes,28.0,0.0,11.5,1.0,14.0,0.0,2010.0,16.0
Male,23.0,No,Irrelevant,Irrelevant,Irrelevant,Irrelevant,Irrelevant,No,99.0,Irrelevant,No,26.0,0.0,11.5,1.0,14.0,0.0,2010.0,16.0
Male,63.0,Yes,No,No,Yes,No,No,No,99.0,Irrelevant,No,31.0,0.0,20.0,1.0,14.0,0.0,2012.0,18.3
Female,28.0,Yes,Yes,No,No,No,No,No,99.0,Irrelevant,No,28.0,0.0,20.0,1.0,14.0,0.0,2012.0,18.3
Male,49.0,No,Irrelevant,Irrelevant,Irrelevant,Irrelevant,Irrelevant,No,99.0,Irrelevant,No,22.0,0.0,20.0,1.0,14.0,0.0,2012.0,18.3
Female,27.0,Yes,Yes,No,No,Yes,No,No,99.0,Irrelevant,No,26.0,0.0,20.0,1.0,14.0,0.0,2012.0,18.3
Male,25.0,No,Irrelevant,Irrelevant,Irrelevant,Irrelevant,Irrelevant,No,99.0,Irrelevant,No,19.0,0.0,20.0,1.0,14.0,0.0,2012.0,18.3
Male,42.0,No,Irrelevant,Irrelevant,Irrelevant,Irrelevant,Irrelevant,No,99.0,Irrelevant,No,34.0,0.0,20.0,1.0,14.0,0.0,2012.0,18.3
Male,53.0,Yes,Yes,No,No,No,No,No,99.0,Irrelevant,Yes,24.0,0.0,20.0,1.0,14.0,0.0,2012.0,18.3
Male,28.0,No,Irrelevant,Irrelevant,Irrelevant,Irrelevant,Irrelevant,No,99.0,Irrelevant,No,22.0,0.0,20.0,1.0,14.0,0.0,2012.0,18.3
Female,26.0,No,Irrelevant,Irrelevant,Irrelevant,Irrelevant,Irrelevant,No,99.0,Irrelevant,No,35.0,0.0,20.0,1.0,14.0,0.0,2012.0,18.3
Male,29.0,No,Irrelevant,Irrelevant,Irrelevant,Irrelevant,Irrelevant,No,99.0,Irrelevant,Yes,24.0,0.0,20.0,1.0,14.0,0.0,2012.0,18.3
Female,33.0,Yes,Yes,No,No,No,No,No,99.0,Irrelevant,No,28.0,0.0,20.0,1.0,14.0,0.0,2012.0,18.3
Female,34.0,Yes,Yes,No,No,Yes,Yes,Yes,No,Irrelevant,Yes,32.0,0.0,20.0,1.0,14.0,0.0,2012.0,18.3
Male,36.0,Yes,No,No,Yes,No,No,No,99.0,Irrelevant,No,20.0,0.0,4.0,1.0,14.0,0.0,2013.0,22.0
Male,42.0,No,Irrelevant,Irrelevant,Irrelevant,Irrelevant,Irrelevant,No,99.0,Irrelevant,No,25.0,0.0,4.0,1.0,14.0,0.0,2013.0,22.0
Female,28.0,No,Irrelevant,Irrelevant,Irrelevant,Irrelevant,Irrelevant,No,99.0,Irrelevant,No,35.0,0.0,11.0,1.0,14.0,0.0,2014.0,16.2
Female,56.0,Yes,Yes,No,No,No,No,No,99.0,Irrelevant,No,25.0,0.0,11.0,1.0,14.0,0.0,2014.0,16.2
Female,32.0,Yes,Yes,No,No,No,No,No,99.0,Irrelevant,No,25.0,0.0,11.0,1.0,14.0,0.0,2014.0,16.2
Female,27.0,No,Irrelevant,Irrelevant,Irrelevant,Irrelevant,Irrelevant,No,99.0,Irrelevant,No,24.0,0.0,11.0,1.0,14.0,0.0,2014.0,16.2
Female,45.0,Yes,Yes,No,No,No,No,No,99.0,Irrelevant,No,25.0,0.0,12.5,1.0,14.0,0.0,2015.0,16.9
Female,63.0,Yes,No,Yes,No,No,No,No,99.0,Irrelevant,No,33.0,0.0,12.5,1.0,14.0,0.0,2015.0,16.9
Female,28.0,No,Irrelevant,Irrelevant,Irrelevant,Irrelevant,Irrelevant,No,99.0,Irrelevant,Yes,24.0,0.0,12.5,1.0,14.0,0.0,2015.0,16.9
Female,33.0,Yes,Yes,No,No,No,No,No,99.0,Irrelevant,No,25.0,0.0,12.5,1.0,14.0,0.0,2015.0,16.9
Male,36.0,No,Irrelevant,Irrelevant,Irrelevant,Irrelevant,Irrelevant,No,99.0,Irrelevant,No,27.0,0.0,12.5,1.0,14.0,0.0,2015.0,16.9
Male,36.0,No,Irrelevant,Irrelevant,Irrelevant,Irrelevant,Irrelevant,No,99.0,Irrelevant,Yes,29.0,0.0,12.5,1.0,14.0,0.0,2015.0,16.9
Female,62.0,Yes,Yes,No,No,No,No,No,99.0,Irrelevant,No,20.0,0.0,12.5,1.0,14.0,0.0,2015.0,16.9
Female,49.0,No,Irrelevant,Irrelevant,Irrelevant,Irrelevant,Irrelevant,No,99.0,Irrelevant,No,23.0,0.0,12.5,1.0,14.0,0.0,2015.0,16.9
Female,24.0,Yes,Yes,No,No,No,No,No,99.0,Irrelevant,No,26.0,0.0,15.5,1.0,14.0,0.0,2018.0,23.5
Female,33.0,No,Irrelevant,Irrelevant,Irrelevant,Irrelevant,Irrelevant,No,99.0,Irrelevant,Yes,22.0,0.0,15.5,1.0,14.0,0.0,2018.0,23.5
Female,63.0,Yes,Yes,No,No,No,No,No,99.0,Irrelevant,No,26.0,0.0,5.0,1.0,14.0,0.0,2019.0,21.3
Female,64.0,Yes,Yes,No,No,No,No,No,99.0,Irrelevant,No,14.0,0.0,5.0,1.0,14.0,0.0,2019.0,21.3
Female,53.0,No,Irrelevant,Irrelevant,Irrelevant,Irrelevant,Irrelevant,No,99.0,Irrelevant,No,29.0,0.0,5.0,1.0,14.0,0.0,2019.0,21.3
Female,36.0,No,Irrelevant,Irrelevant,Irrelevant,Irrelevant,Irrelevant,No,99.0,Irrelevant,No,20.0,0.0,5.0,1.0,14.0,0.0,2019.0,21.3
Male,26.0,Yes,Yes,No,No,No,No,No,99.0,Irrelevant,No,26.0,0.0,9.0,1.0,14.0,0.0,2020.0,22.9
Male,46.0,No,Irrelevant,Irrelevant,Irrelevant,Irrelevant,Irrelevant,No,99.0,Irrelevant,No,26.0,0.0,9.0,1.0,14.0,0.0,2020.0,22.9
Male,26.0,Yes,Yes,No,No,Yes,No,No,99.0,Irrelevant,No,23.0,0.0,22.0,1.0,14.0,0.0,2025.0,25.0
Male,20.0,No,Irrelevant,Irrelevant,Irrelevant,Irrelevant,Irrelevant,No,99.0,Irrelevant,Yes,28.0,0.0,22.0,1.0,14.0,0.0,2025.0,25.0
Male,26.0,No,Irrelevant,Irrelevant,Irrelevant,Irrelevant,Irrelevant,Yes,Yes,Yes,No,29.0,0.0,22.0,1.0,14.0,0.0,2025.0,25.0
Male,23.0,Yes,Yes,No,No,No,No,No,99.0,Irrelevant,No,24.0,0.0,22.0,1.0,14.0,0.0,2025.0,25.0
Male,77.0,Yes,Yes,No,No,No,No,No,99.0,Irrelevant,No,27.0,0.0,22.0,1.0,14.0,0.0,2025.0,25.0
Female,33.0,No,Irrelevant,Irrelevant,Irrelevant,Irrelevant,Irrelevant,No,99.0,Irrelevant,Yes,32.0,0.0,22.0,1.0,14.0,0.0,2025.0,25.0
Female,42.0,No,Irrelevant,Irrelevant,Irrelevant,Irrelevant,Irrelevant,No,99.0,Irrelevant,No,23.0,0.0,22.0,1.0,14.0,0.0,2025.0,25.0
Female,74.0,Yes,Yes,No,No,Yes,No,Yes,Yes,No,No,54.0,0.0,22.0,1.0,14.0,0.0,2025.0,25.0
Male,50.0,No,Irrelevant,Irrelevant,Irrelevant,Irrelevant,Irrelevant,No,99.0,Irrelevant,No,24.0,0.0,22.0,1.0,14.0,0.0,2025.0,25.0
Female,24.0,Yes,Yes,No,No,No,No,No,99.0,Irrelevant,Yes,30.0,0.0,22.0,1.0,14.0,0.0,2025.0,25.0
Male,76.0,Yes,No,No,Yes,No,No,Yes,No,Irrelevant,No,50.0,0.0,20.5,1.0,14.0,0.0,2026.0,25.0
Female,27.0,No,Irrelevant,Irrelevant,Irrelevant,Irrelevant,Irrelevant,Yes,No,Irrelevant,Yes,32.0,0.0,20.5,1.0,14.0,0.0,2026.0,25.0
Male,42.0,Yes,Yes,No,No,No,No,No,99.0,Irrelevant,Yes,32.0,0.0,20.5,1.0,14.0,0.0,2026.0,25.0
Female,24.0,No,Irrelevant,Irrelevant,Irrelevant,Irrelevant,Irrelevant,Yes,Yes,No,Yes,26.0,0.0,20.5,1.0,14.0,0.0,2026.0,25.0
Male,34.0,No,Irrelevant,Irrelevant,Irrelevant,Irrelevant,Irrelevant,No,99.0,Irrelevant,No,26.0,0.0,33.5,1.0,14.0,0.0,2029.0,26.0
Female,33.0,Yes,Yes,No,No,Yes,No,No,99.0,Irrelevant,Yes,33.0,0.0,33.5,1.0,14.0,0.0,2029.0,26.0
Male,25.0,No,Irrelevant,Irrelevant,Irrelevant,Irrelevant,Irrelevant,No,99.0,Irrelevant,No,22.0,0.0,33.5,1.0,14.0,0.0,2029.0,26.0
Male,53.0,No,Irrelevant,Irrelevant,Irrelevant,Irrelevant,Irrelevant,No,99.0,Irrelevant,No,42.0,0.0,33.5,1.0,14.0,0.0,2029.0,26.0
Female,28.0,Yes,Yes,No,No,No,No,No,99.0,Irrelevant,No,31.0,0.0,33.5,1.0,14.0,0.0,2029.0,26.0
Male,40.0,Yes,Yes,No,No,No,No,No,99.0,Irrelevant,Yes,27.0,0.0,33.5,1.0,14.0,0.0,2029.0,26.0
Female,55.0,Yes,Yes,No,No,No,No,No,99.0,Irrelevant,Yes,29.0,0.0,33.5,1.0,14.0,0.0,2029.0,26.0
Male,38.0,No,Irrelevant,Irrelevant,Irrelevant,Irrelevant,Irrelevant,Yes,Yes,Yes,Yes,46.0,0.0,33.5,1.0,14.0,0.0,2029.0,26.0
Male,42.0,No,Irrelevant,Irrelevant,Irrelevant,Irrelevant,Irrelevant,No,99.0,Irrelevant,No,22.0,0.0,33.5,1.0,14.0,0.0,2029.0,26.0
Female,47.0,Yes,Yes,No,No,Yes,No,No,99.0,Irrelevant,Yes,35.0,0.0,33.5,1.0,14.0,0.0,2029.0,26.0
Female,54.0,Yes,Yes,No,No,No,No,No,99.0,Irrelevant,No,20.0,0.0,33.5,1.0,14.0,0.0,2029.0,26.0
Female,32.0,Yes,Yes,No,No,No,No,Yes,No,Irrelevant,No,24.0,0.0,33.5,1.0,14.0,0.0,2029.0,26.0
Female,22.0,No,Irrelevant,Irrelevant,Irrelevant,Irrelevant,Irrelevant,No,99.0,Irrelevant,No,25.0,0.0,33.5,1.0,14.0,0.0,2029.0,26.0
Male,27.0,No,Irrelevant,Irrelevant,Irrelevant,Irrelevant,Irrelevant,No,99.0,Irrelevant,Yes,32.0,0.0,33.5,1.0,14.0,0.0,2029.0,26.0
Female,32.0,No,Irrelevant,Irrelevant,Irrelevant,Irrelevant,Irrelevant,No,99.0,Irrelevant,No,35.0,0.0,8.0,1.0,14.0,0.0,2032.0,16.0
Male,40.0,Yes,Yes,No,No,No,No,No,99.0,Irrelevant,No,25.0,0.0,8.0,1.0,14.0,0.0,2032.0,16.0
Male,54.0,No,Irrelevant,Irrelevant,Irrelevant,Irrelevant,Irrelevant,No,99.0,Irrelevant,Yes,39.0,0.0,8.0,1.0,14.0,0.0,2032.0,16.0
Male,67.0,Yes,Yes,No,No,No,No,No,99.0,Irrelevant,No,31.0,0.0,8.0,1.0,14.0,0.0,2032.0,16.0
Female,28.0,Yes,Yes,No,No,No,No,No,99.0,Irrelevant,No,26.0,0.0,8.0,1.0,14.0,0.0,2032.0,16.0
Male,24.0,No,Irrelevant,Irrelevant,Irrelevant,Irrelevant,Irrelevant,No,99.0,Irrelevant,No,22.0,0.0,8.0,1.0,14.0,0.0,2032.0,16.0
Female,27.0,No,Irrelevant,Irrelevant,Irrelevant,Irrelevant,Irrelevant,Yes,Yes,Yes,No,22.0,0.0,8.0,1.0,14.0,0.0,2032.0,16.0
Female,56.0,Yes,Yes,No,No,No,No,No,99.0,Irrelevant,No,26.0,0.0,8.0,1.0,14.0,0.0,2032.0,16.0
Male,47.0,No,Irrelevant,Irrelevant,Irrelevant,Irrelevant,Irrelevant,No,99.0,Irrelevant,No,26.0,0.0,8.0,1.0,14.0,0.0,2032.0,16.0
Male,40.0,Yes,Yes,No,No,No,No,No,99.0,Irrelevant,No,22.0,0.0,8.0,1.0,14.0,0.0,2032.0,16.0
Male,38.0,No,Irrelevant,Irrelevant,Irrelevant,Irrelevant,Irrelevant,No,99.0,Irrelevant,No,33.0,0.0,11.0,1.0,14.0,0.0,2034.0,22.9
Female,27.0,Yes,No,No,Yes,No,No,No,99.0,Irrelevant,No,30.0,0.0,11.0,1.0,14.0,0.0,2034.0,22.9
Female,30.0,Yes,Yes,No,No,No,No,No,99.0,Irrelevant,No,18.0,0.0,11.0,1.0,14.0,0.0,2034.0,22.9
Female,29.0,No,Irrelevant,Irrelevant,Irrelevant,Irrelevant,Irrelevant,No,99.0,Irrelevant,Yes,24.0,0.0,11.0,1.0,14.0,0.0,2034.0,22.9
Female,39.0,No,Irrelevant,Irrelevant,Irrelevant,Irrelevant,Irrelevant,No,99.0,Irrelevant,Yes,30.0,0.0,22.0,1.0,14.0,0.0,2035.0,24.6
Male,26.0,Yes,Yes,No,No,No,No,No,99.0,Irrelevant,Yes,24.0,0.0,22.0,1.0,14.0,0.0,2035.0,24.6
Female,40.0,Yes,Yes,No,No,No,No,No,99.0,Irrelevant,No,45.0,0.0,12.5,1.0,14.0,0.0,2036.0,22.0
Male,48.0,No,Irrelevant,Irrelevant,Irrelevant,Irrelevant,Irrelevant,No,99.0,Irrelevant,No,22.0,0.0,12.5,1.0,14.0,0.0,2036.0,22.0
Female,34.0,No,Irrelevant,Irrelevant,Irrelevant,Irrelevant,Irrelevant,No,99.0,Irrelevant,Yes,20.0,0.0,12.5,1.0,14.0,0.0,2036.0,22.0
Male,36.0,Yes,Yes,No,No,No,No,No,99.0,Irrelevant,No,21.0,0.0,12.5,1.0,14.0,0.0,2036.0,22.0
Male,33.0,No,Irrelevant,Irrelevant,Irrelevant,Irrelevant,Irrelevant,No,99.0,Irrelevant,Yes,27.0,0.0,12.5,1.0,14.0,0.0,2036.0,22.0
Male,33.0,Yes,Yes,No,No,No,No,No,99.0,Irrelevant,No,25.0,0.0,12.5,1.0,14.0,0.0,2036.0,22.0
Female,52.0,Yes,Yes,No,No,No,No,No,99.0,Irrelevant,No,30.0,0.0,24.0,1.0,14.0,0.0,2043.0,18.3
Male,23.0,Yes,Yes,No,No,No,No,No,99.0,Irrelevant,No,25.0,0.0,24.0,1.0,14.0,0.0,2043.0,18.3
Male,44.0,No,Irrelevant,Irrelevant,Irrelevant,Irrelevant,Irrelevant,No,99.0,Irrelevant,No,23.0,0.0,24.0,1.0,14.0,0.0,2043.0,18.3
Female,50.0,Yes,Yes,No,No,No,No,No,99.0,Irrelevant,Yes,28.0,0.0,24.0,1.0,14.0,0.0,2043.0,18.3
Male,42.0,No,Irrelevant,Irrelevant,Irrelevant,Irrelevant,Irrelevant,No,99.0,Irrelevant,No,22.0,0.0,24.0,1.0,14.0,0.0,2043.0,18.3
Female,56.0,No,Irrelevant,Irrelevant,Irrelevant,Irrelevant,Irrelevant,No,99.0,Irrelevant,No,52.0,0.0,24.0,1.0,14.0,0.0,2043.0,18.3
Male,43.0,Yes,Yes,No,No,No,No,No,99.0,Irrelevant,No,23.0,0.0,24.0,1.0,14.0,0.0,2043.0,18.3
Female,20.0,No,Irrelevant,Irrelevant,Irrelevant,Irrelevant,Irrelevant,No,99.0,Irrelevant,Yes,26.0,0.0,24.0,1.0,14.0,0.0,2043.0,18.3
Female,35.0,Yes,Yes,No,No,No,No,No,99.0,Irrelevant,No,22.0,0.0,24.0,1.0,14.0,0.0,2043.0,18.3
Female,43.0,No,Irrelevant,Irrelevant,Irrelevant,Irrelevant,Irrelevant,No,99.0,Irrelevant,No,30.0,0.0,24.0,1.0,14.0,0.0,2043.0,18.3
Male,58.0,No,Irrelevant,Irrelevant,Irrelevant,Irrelevant,Irrelevant,No,99.0,Irrelevant,No,22.0,0.0,24.0,1.0,14.0,0.0,2043.0,18.3
Female,15.0,Yes,Yes,No,No,No,No,No,99.0,Irrelevant,Yes,29.0,0.0,24.0,1.0,14.0,0.0,2043.0,18.3
Male,35.0,No,Irrelevant,Irrelevant,Irrelevant,Irrelevant,Irrelevant,No,99.0,Irrelevant,No,26.0,0.0,35.0,1.0,14.0,0.0,2045.0,26.0
Female,26.0,Yes,Yes,No,No,No,No,No,99.0,Irrelevant,No,26.0,0.0,35.0,1.0,14.0,0.0,2045.0,26.0
Male,27.0,Yes,No,No,Yes,No,No,Yes,Yes,No,No,20.0,0.0,23.0,1.0,14.0,0.0,3001.0,13.9
Female,42.0,Yes,Yes,No,No,No,No,No,99.0,Irrelevant,No,26.0,0.0,23.0,1.0,14.0,0.0,3001.0,13.9
Male,24.0,No,Irrelevant,Irrelevant,Irrelevant,Irrelevant,Irrelevant,No,99.0,Irrelevant,No,20.0,0.0,23.0,1.0,14.0,0.0,3001.0,13.9
Male,41.0,No,Irrelevant,Irrelevant,Irrelevant,Irrelevant,Irrelevant,No,99.0,Irrelevant,No,20.0,0.0,23.0,1.0,14.0,0.0,3001.0,13.9
Female,26.0,No,Irrelevant,Irrelevant,Irrelevant,Irrelevant,Irrelevant,No,99.0,Irrelevant,No,19.0,0.0,23.0,1.0,14.0,0.0,3001.0,13.9
Male,24.0,No,Irrelevant,Irrelevant,Irrelevant,Irrelevant,Irrelevant,No,99.0,Irrelevant,Yes,31.0,0.0,23.0,1.0,14.0,0.0,3001.0,13.9
Female,38.0,Yes,Yes,No,No,No,No,Yes,Yes,Yes,No,22.0,0.0,23.0,1.0,14.0,0.0,3001.0,13.9
Male,60.0,Yes,No,No,Yes,No,No,No,99.0,Irrelevant,Yes,26.0,0.0,23.0,1.0,14.0,0.0,3001.0,13.9
Male,26.0,No,Irrelevant,Irrelevant,Irrelevant,Irrelevant,Irrelevant,No,99.0,Irrelevant,No,21.0,0.0,23.0,1.0,14.0,0.0,3001.0,13.9
Male,43.0,Yes,Yes,No,No,No,No,No,99.0,Irrelevant,No,23.0,0.0,23.0,1.0,14.0,0.0,3001.0,13.9
Male,35.0,Yes,Yes,No,No,No,No,No,99.0,Irrelevant,No,18.0,0.0,23.0,1.0,14.0,0.0,3001.0,13.9
Female,46.0,No,Irrelevant,Irrelevant,Irrelevant,Irrelevant,Irrelevant,No,99.0,Irrelevant,Yes,29.0,0.0,23.0,1.0,14.0,0.0,3001.0,13.9
Female,42.0,No,Irrelevant,Irrelevant,Irrelevant,Irrelevant,Irrelevant,No,99.0,Irrelevant,No,35.0,0.0,23.0,1.0,14.0,0.0,3001.0,13.9
Male,66.0,Yes,No,Yes,No,No,No,No,99.0,Irrelevant,No,24.0,0.0,23.0,1.0,14.0,0.0,3001.0,13.9
Female,21.0,Yes,No,Yes,No,No,No,No,99.0,Irrelevant,Yes,29.0,0.0,19.5,1.0,14.0,0.0,3002.0,12.4
Male,27.0,No,Irrelevant,Irrelevant,Irrelevant,Irrelevant,Irrelevant,Yes,Yes,No,No,21.0,0.0,19.5,1.0,14.0,0.0,3002.0,12.4
Male,47.0,No,Irrelevant,Irrelevant,Irrelevant,Irrelevant,Irrelevant,Yes,Yes,Yes,No,22.0,0.0,19.5,1.0,14.0,0.0,3002.0,12.4
Male,25.0,Yes,No,No,Yes,No,No,No,99.0,Irrelevant,No,23.0,0.0,19.5,1.0,14.0,0.0,3002.0,12.4
Male,33.0,Yes,No,No,Yes,No,No,No,99.0,Irrelevant,No,23.0,0.0,19.5,1.0,14.0,0.0,3002.0,12.4
Female,19.0,No,Irrelevant,Irrelevant,Irrelevant,Irrelevant,Irrelevant,No,99.0,Irrelevant,No,17.0,0.0,19.5,1.0,14.0,0.0,3002.0,12.4
Female,57.0,Yes,No,Yes,No,No,No,No,99.0,Irrelevant,No,32.0,0.0,19.5,1.0,14.0,0.0,3002.0,12.4
Female,61.0,No,Irrelevant,Irrelevant,Irrelevant,Irrelevant,Irrelevant,No,99.0,Irrelevant,Yes,33.0,0.0,19.5,1.0,14.0,0.0,3002.0,12.4
Male,43.0,No,Irrelevant,Irrelevant,Irrelevant,Irrelevant,Irrelevant,Yes,Yes,Yes,No,48.0,0.0,19.5,1.0,14.0,0.0,3002.0,12.4
Female,34.0,Yes,Yes,No,No,No,No,No,99.0,Irrelevant,No,17.0,0.0,19.5,1.0,14.0,0.0,3002.0,12.4
Female,19.0,No,Irrelevant,Irrelevant,Irrelevant,Irrelevant,Irrelevant,No,99.0,Irrelevant,No,18.0,0.0,19.5,1.0,14.0,0.0,3002.0,12.4
Female,49.0,Yes,Yes,No,No,No,Yes,No,99.0,Irrelevant,No,23.0,1.0,19.5,1.0,14.0,0.0,3002.0,12.4
Female,48.0,No,Irrelevant,Irrelevant,Irrelevant,Irrelevant,Irrelevant,No,99.0,Irrelevant,No,24.0,0.0,19.5,1.0,14.0,0.0,3002.0,12.4
Male,27.0,Yes,Yes,No,No,No,No,No,99.0,Irrelevant,No,15.0,0.0,19.5,1.0,14.0,0.0,3002.0,12.4
Female,67.0,No,Irrelevant,Irrelevant,Irrelevant,Irrelevant,Irrelevant,No,99.0,Irrelevant,No,30.0,0.0,11.0,1.0,14.0,0.0,3003.0,14.5
Male,53.0,No,Irrelevant,Irrelevant,Irrelevant,Irrelevant,Irrelevant,Yes,Yes,Yes,No,22.0,0.0,11.0,1.0,14.0,0.0,3003.0,14.5
Female,33.0,Yes,Yes,No,No,No,No,No,99.0,Irrelevant,No,26.0,0.0,11.0,1.0,14.0,0.0,3003.0,14.5
Male,65.0,Yes,Yes,No,No,No,No,No,99.0,Irrelevant,No,22.0,0.0,11.0,1.0,14.0,0.0,3003.0,14.5
Female,26.0,Yes,Yes,No,No,No,No,No,99.0,Irrelevant,No,22.0,0.0,11.0,1.0,14.0,0.0,3003.0,14.5
Female,25.0,No,Irrelevant,Irrelevant,Irrelevant,Irrelevant,Irrelevant,No,99.0,Irrelevant,No,27.0,0.0,11.0,1.0,14.0,0.0,3003.0,14.5
Male,74.0,Yes,Yes,No,No,No,No,No,99.0,Irrelevant,Yes,33.0,0.0,11.0,1.0,14.0,0.0,3003.0,14.5
Male,61.0,No,Irrelevant,Irrelevant,Irrelevant,Irrelevant,Irrelevant,No,99.0,Irrelevant,No,24.0,0.0,11.0,1.0,14.0,0.0,3003.0,14.5
Male,79.0,Yes,Yes,No,No,No,No,No,99.0,Irrelevant,No,34.0,0.0,11.0,1.0,14.0,0.0,3003.0,14.5
Female,24.0,No,Irrelevant,Irrelevant,Irrelevant,Irrelevant,Irrelevant,No,99.0,Irrelevant,No,26.0,0.0,11.0,1.0,14.0,0.0,3003.0,14.5
Male,28.0,Yes,Yes,No,No,No,No,No,99.0,Irrelevant,No,23.0,0.0,11.0,1.0,14.0,0.0,3003.0,14.5
Male,35.0,Yes,No,Yes,No,No,No,No,99.0,Irrelevant,No,22.0,0.0,11.0,1.0,14.0,0.0,3003.0,14.5
Male,48.0,No,Irrelevant,Irrelevant,Irrelevant,Irrelevant,Irrelevant,No,99.0,Irrelevant,No,21.0,0.0,11.0,1.0,14.0,0.0,3003.0,14.5
Female,62.0,No,Irrelevant,Irrelevant,Irrelevant,Irrelevant,Irrelevant,No,99.0,Irrelevant,No,24.0,0.0,11.0,1.0,14.0,0.0,3003.0,14.5
Female,37.0,No,Irrelevant,Irrelevant,Irrelevant,Irrelevant,Irrelevant,No,99.0,Irrelevant,No,21.0,0.0,13.0,1.0,14.0,0.0,3004.0,15.4
Female,38.0,Yes,Yes,No,No,No,No,No,99.0,Irrelevant,No,23.0,0.0,13.0,1.0,14.0,0.0,3004.0,15.4
Female,17.0,No,Irrelevant,Irrelevant,Irrelevant,Irrelevant,Irrelevant,No,99.0,Irrelevant,No,28.0,0.0,13.0,1.0,14.0,0.0,3004.0,15.4
Male,24.0,Yes,Yes,No,No,No,No,Yes,No,Irrelevant,No,16.0,0.0,13.0,1.0,14.0,0.0,3004.0,15.4
Male,52.0,Yes,Yes,No,No,No,No,No,99.0,Irrelevant,No,25.0,0.0,13.0,1.0,14.0,0.0,3004.0,15.4
Female,40.0,Yes,Yes,No,No,No,No,No,99.0,Irrelevant,No,15.0,0.0,13.0,1.0,14.0,0.0,3004.0,15.4
Male,38.0,No,Irrelevant,Irrelevant,Irrelevant,Irrelevant,Irrelevant,No,99.0,Irrelevant,No,23.0,0.0,13.0,1.0,14.0,0.0,3004.0,15.4
Female,29.0,No,Irrelevant,Irrelevant,Irrelevant,Irrelevant,Irrelevant,No,99.0,Irrelevant,No,19.0,0.0,13.0,1.0,14.0,0.0,3004.0,15.4
Male,36.0,No,Irrelevant,Irrelevant,Irrelevant,Irrelevant,Irrelevant,No,99.0,Irrelevant,No,22.0,0.0,13.5,1.0,14.0,0.0,3005.0,14.5
Female,40.0,No,Irrelevant,Irrelevant,Irrelevant,Irrelevant,Irrelevant,No,99.0,Irrelevant,No,32.0,0.0,13.5,1.0,14.0,0.0,3005.0,14.5
Female,19.0,No,Irrelevant,Irrelevant,Irrelevant,Irrelevant,Irrelevant,No,99.0,Irrelevant,No,20.0,0.0,13.5,1.0,14.0,0.0,3005.0,14.5
Male,46.0,Yes,Yes,No,No,No,No,No,99.0,Irrelevant,No,23.0,0.0,13.5,1.0,14.0,0.0,3005.0,14.5
Female,45.0,Yes,No,Yes,No,No,Irrelevant,No,99.0,Irrelevant,No,27.0,0.0,13.5,1.0,14.0,0.0,3005.0,14.5
Male,27.0,No,Irrelevant,Irrelevant,Irrelevant,Irrelevant,Irrelevant,Yes,No,Irrelevant,No,18.0,0.0,13.5,1.0,14.0,0.0,3005.0,14.5
Female,49.0,No,Irrelevant,Irrelevant,Irrelevant,Irrelevant,Irrelevant,No,99.0,Irrelevant,No,22.0,0.0,13.5,1.0,14.0,0.0,3005.0,14.5
Male,32.0,Yes,No,No,Yes,No,No,Yes,Yes,Yes,No,21.0,0.0,13.5,1.0,14.0,0.0,3005.0,14.5
Male,38.0,Yes,No,No,Yes,No,No,No,99.0,Irrelevant,Yes,42.0,0.0,13.5,1.0,14.0,0.0,3005.0,14.5
Female,34.0,Yes,No,No,Yes,No,No,No,99.0,Irrelevant,Yes,30.0,0.0,13.5,1.0,14.0,0.0,3005.0,14.5
Male,44.0,No,Irrelevant,Irrelevant,Irrelevant,Irrelevant,Irrelevant,No,99.0,Irrelevant,No,22.0,0.0,13.5,1.0,14.0,0.0,3005.0,14.5
Male,57.0,Yes,Yes,No,No,Yes,No,No,99.0,Irrelevant,Yes,23.0,0.0,13.5,1.0,14.0,0.0,3005.0,14.5
Male,47.0,Yes,Yes,No,No,No,No,No,99.0,Irrelevant,No,21.0,0.0,13.5,1.0,14.0,0.0,3005.0,14.5
Male,88.0,No,Irrelevant,Irrelevant,Irrelevant,Irrelevant,Irrelevant,No,99.0,Irrelevant,No,16.0,0.0,13.5,1.0,14.0,0.0,3005.0,14.5
Female,22.0,Yes,No,No,Yes,No,No,No,99.0,Irrelevant,Yes,28.0,0.0,10.5,1.0,14.0,0.0,3006.0,13.9
Female,41.0,No,Irrelevant,Irrelevant,Irrelevant,Irrelevant,Irrelevant,No,99.0,Irrelevant,No,23.0,0.0,10.5,1.0,14.0,0.0,3006.0,13.9
Male,24.0,Yes,Yes,No,No,No,No,No,99.0,Irrelevant,No,16.0,0.0,10.5,1.0,14.0,0.0,3006.0,13.9
Male,47.0,Yes,No,Yes,No,No,No,No,99.0,Irrelevant,No,27.0,0.0,10.5,1.0,14.0,0.0,3006.0,13.9
Female,36.0,No,Irrelevant,Irrelevant,Irrelevant,Irrelevant,Irrelevant,No,99.0,Irrelevant,No,23.0,0.0,10.5,1.0,14.0,0.0,3006.0,13.9
Male,66.0,No,Irrelevant,Irrelevant,Irrelevant,Irrelevant,Irrelevant,No,99.0,Irrelevant,No,23.0,0.0,10.5,1.0,14.0,0.0,3006.0,13.9
Male,37.0,No,Irrelevant,Irrelevant,Irrelevant,Irrelevant,Irrelevant,No,99.0,Irrelevant,No,26.0,0.0,10.5,1.0,14.0,0.0,3006.0,13.9
Female,22.0,No,Irrelevant,Irrelevant,Irrelevant,Irrelevant,Irrelevant,No,99.0,Irrelevant,Yes,24.0,0.0,10.5,1.0,14.0,0.0,3006.0,13.9
Male,25.0,No,Irrelevant,Irrelevant,Irrelevant,Irrelevant,Irrelevant,No,99.0,Irrelevant,No,17.0,0.0,10.5,1.0,14.0,0.0,3006.0,13.9
Male,26.0,Yes,Yes,No,No,No,No,No,99.0,Irrelevant,No,19.0,0.0,10.5,1.0,14.0,0.0,3006.0,13.9
Female,34.0,Yes,Yes,No,No,No,No,No,99.0,Irrelevant,No,34.0,0.0,10.5,1.0,14.0,0.0,3006.0,13.9
Female,28.0,Yes,Yes,No,No,No,No,No,99.0,Irrelevant,No,22.0,0.0,10.5,1.0,14.0,0.0,3006.0,13.9
Female,32.0,Yes,No,Yes,No,No,No,No,99.0,Irrelevant,No,32.0,0.0,10.5,1.0,14.0,0.0,3006.0,13.9
Male,32.0,No,Irrelevant,Irrelevant,Irrelevant,Irrelevant,Irrelevant,No,99.0,Irrelevant,No,20.0,0.0,10.5,1.0,14.0,0.0,3006.0,13.9
Female,57.0,Yes,Yes,No,No,No,No,No,99.0,Irrelevant,No,47.0,0.0,8.5,1.0,14.0,0.0,3007.0,15.4
Male,66.0,No,Irrelevant,Irrelevant,Irrelevant,Irrelevant,Irrelevant,No,99.0,Irrelevant,No,24.0,0.0,8.5,1.0,14.0,0.0,3007.0,15.4
Male,25.0,Yes,Yes,No,No,No,No,No,99.0,Irrelevant,No,22.0,0.0,8.5,1.0,14.0,0.0,3007.0,15.4
Male,46.0,Yes,Yes,No,No,No,No,No,99.0,Irrelevant,Yes,24.0,0.0,8.5,1.0,14.0,0.0,3007.0,15.4
Female,28.0,No,Irrelevant,Irrelevant,Irrelevant,Irrelevant,Irrelevant,No,99.0,Irrelevant,No,24.0,0.0,8.5,1.0,14.0,0.0,3007.0,15.4
Male,36.0,No,Irrelevant,Irrelevant,Irrelevant,Irrelevant,Irrelevant,No,99.0,Irrelevant,No,19.0,0.0,8.5,1.0,14.0,0.0,3007.0,15.4
Male,44.0,No,Irrelevant,Irrelevant,Irrelevant,Irrelevant,Irrelevant,Yes,Yes,Yes,No,27.0,0.0,8.5,1.0,14.0,0.0,3007.0,15.4
Male,62.0,Yes,No,Yes,No,No,No,Yes,Yes,Yes,No,26.0,0.0,8.5,1.0,14.0,0.0,3007.0,15.4
Female,45.0,Yes,No,Yes,No,No,No,No,99.0,Irrelevant,No,21.0,0.0,8.5,1.0,14.0,0.0,3007.0,15.4
Male,24.0,No,Irrelevant,Irrelevant,Irrelevant,Irrelevant,Irrelevant,No,99.0,Irrelevant,No,26.0,0.0,8.5,1.0,14.0,0.0,3007.0,15.4
Male,36.0,Yes,Yes,No,No,No,No,No,99.0,Irrelevant,No,21.0,0.0,8.5,1.0,14.0,0.0,3007.0,15.4
Male,33.0,Yes,Yes,No,No,No,No,No,99.0,Irrelevant,Yes,23.0,0.0,8.5,1.0,14.0,0.0,3007.0,15.4
Female,27.0,No,Irrelevant,Irrelevant,Irrelevant,Irrelevant,Irrelevant,Yes,Yes,No,Yes,25.0,0.0,8.5,1.0,14.0,0.0,3007.0,15.4
Female,50.0,No,Irrelevant,Irrelevant,Irrelevant,Irrelevant,Irrelevant,No,99.0,Irrelevant,No,26.0,0.0,8.5,1.0,14.0,0.0,3007.0,15.4
Male,55.0,No,Irrelevant,Irrelevant,Irrelevant,Irrelevant,Irrelevant,No,99.0,Irrelevant,No,23.0,0.0,21.5,1.0,14.0,0.0,3008.0,11.8
Female,24.0,Yes,No,Yes,No,No,No,No,99.0,Irrelevant,Yes,22.0,0.0,21.5,1.0,14.0,0.0,3008.0,11.8
Male,46.0,No,Irrelevant,Irrelevant,Irrelevant,Irrelevant,Irrelevant,No,99.0,Irrelevant,No,21.0,0.0,21.5,1.0,14.0,0.0,3008.0,11.8
Female,26.0,Yes,Yes,No,No,No,No,No,99.0,Irrelevant,No,26.0,0.0,21.5,1.0,14.0,0.0,3008.0,11.8
Male,26.0,Yes,Yes,No,No,No,No,No,99.0,Irrelevant,No,16.0,0.0,21.5,1.0,14.0,0.0,3008.0,11.8
Male,28.0,No,Irrelevant,Irrelevant,Irrelevant,Irrelevant,Irrelevant,No,99.0,Irrelevant,No,18.0,0.0,21.5,1.0,14.0,0.0,3008.0,11.8
Male,26.0,No,Irrelevant,Irrelevant,Irrelevant,Irrelevant,Irrelevant,Yes,Yes,Yes,No,20.0,0.0,21.5,1.0,14.0,0.0,3008.0,11.8
Female,24.0,Yes,Yes,No,No,No,No,No,99.0,Irrelevant,No,24.0,0.0,21.5,1.0,14.0,0.0,3008.0,11.8
Male,28.0,No,Irrelevant,Irrelevant,Irrelevant,Irrelevant,Irrelevant,No,99.0,Irrelevant,No,18.0,0.0,21.5,1.0,14.0,0.0,3008.0,11.8
Male,35.0,Yes,Yes,No,No,No,Irrelevant,No,99.0,Irrelevant,No,22.0,0.0,21.5,1.0,14.0,0.0,3008.0,11.8
Female,54.0,No,Irrelevant,Irrelevant,Irrelevant,Irrelevant,Irrelevant,No,99.0,Irrelevant,No,26.0,0.0,19.0,1.0,14.0,0.0,3010.0,11.8
Male,28.0,No,Irrelevant,Irrelevant,Irrelevant,Irrelevant,Irrelevant,No,99.0,Irrelevant,No,23.0,0.0,19.0,1.0,14.0,0.0,3010.0,11.8
Female,36.0,No,Irrelevant,Irrelevant,Irrelevant,Irrelevant,Irrelevant,No,99.0,Irrelevant,Yes,28.0,0.0,19.0,1.0,14.0,0.0,3010.0,11.8
Male,24.0,No,Irrelevant,Irrelevant,Irrelevant,Irrelevant,Irrelevant,No,99.0,Irrelevant,No,20.0,0.0,19.0,1.0,14.0,0.0,3010.0,11.8
Female,53.0,Yes,Yes,No,No,No,No,No,99.0,Irrelevant,No,26.0,0.0,19.0,1.0,14.0,0.0,3010.0,11.8
Female,38.0,Yes,Yes,No,No,No,No,Yes,No,Irrelevant,No,24.0,0.0,19.0,1.0,14.0,0.0,3010.0,11.8
Male,26.0,Yes,Yes,No,No,No,No,No,99.0,Irrelevant,No,26.0,0.0,19.0,1.0,14.0,0.0,3010.0,11.8
Male,46.0,Yes,Yes,No,No,No,No,No,99.0,Irrelevant,No,22.0,0.0,19.0,1.0,14.0,0.0,3010.0,11.8
Male,63.0,Yes,No,Yes,No,No,No,No,99.0,Irrelevant,No,64.0,0.0,19.0,1.0,14.0,0.0,3010.0,11.8
Male,33.0,No,Irrelevant,Irrelevant,Irrelevant,Irrelevant,Irrelevant,No,99.0,Irrelevant,No,23.0,0.0,19.0,1.0,14.0,0.0,3010.0,11.8
Female,57.0,Yes,Yes,No,No,No,No,No,99.0,Irrelevant,No,25.0,0.0,19.0,1.0,14.0,0.0,3010.0,11.8
Male,32.0,No,Irrelevant,Irrelevant,Irrelevant,Irrelevant,Irrelevant,No,99.0,Irrelevant,No,23.0,0.0,19.0,1.0,14.0,0.0,3010.0,11.8
Female,26.0,Yes,No,No,Yes,No,No,No,99.0,Irrelevant,No,36.0,0.0,19.0,1.0,14.0,0.0,3010.0,11.8
Female,25.0,No,Irrelevant,Irrelevant,Irrelevant,Irrelevant,Irrelevant,Yes,Yes,Yes,No,21.0,0.0,19.0,1.0,14.0,0.0,3010.0,11.8
